OBJECTID,Reporting_Year,GeoLevel,GeoName,C_SR_POP_SCHOOL_AGE_Y3T4,C_SR_POP_SCHOOL_AGE_Y5T9,C_SR_POP_SCHOOL_AGE_Y10T14,C_SR_POP_SCHOOL_AGE_Y15T17,C_SR_POP_SCHOOL_AGE_Y18T19,C_SR_POP_SCHOOL_AGE_Y20T24,C_SR_POP_SCHOOL_AGE_Y25T34,C_SR_POP_SCHOOL_AGE_YGE35,C_SR_POP_COLGS_AGE_Y18T24,C_SR_POP_COLGS_M_AGE_Y18T24,C_SR_POP_COLGS_F_AGE_Y18T24,C_EA_GT25_WA_EDUATTAIN_HSG,C_EA_GT25_WA_EDUATTAIN_BDH,C_EA_GT25_WANHL_EDUATTAIN_HSGH,C_EA_GT25_WANHL_EDUATTAIN_BDH,C_EA_GT25_BA_EDUATTAIN_HSGH,C_EA_GT25_BA_EDUATTAIN_BDH,C_EA_GT25_AIANA_EDUATTAIN_HSGH,C_EA_GT25_AIANA_EDUATTAIN_BDH,C_EA_GT25_AA_EDUATTAIN_HSGH,C_EA_GT25_AA_EDUATTAIN_BDH,C_EA_GT25_OA_EDUATTAIN_HSGH,C_EA_GT25_OA_EDUATTAIN_BDH,C_EA_GT25_TOM_EDUATTAIN_HSGH,C_EA_GT25_TOM_EDUATTAIN_BDH,C_EA_GT25_HOLO_EDUATTAIN_HSGH,C_EA_GT25_HOLO_EDUATTAIN_BDH,C_EA_GT25_WA_M_EDUATTAIN_BDH,C_EA_GT25_WANHL_M_EDUATTAIN_HSGH,C_EA_GT25_WANHL_M_EDUATTAIN_BDH,C_EA_GT25_BA_M_EDUATTAIN_HSGH,C_EA_GT25_BA_M_EDUATTAIN_BDH,C_EA_GT25_AIANA_M_EDUATTAIN_HSGH,C_EA_GT25_AIANA_M_EDUATTAIN_BDH,C_EA_GT25_AA_M_EDUATTAIN_HSGH,C_EA_GT25_AA_M_EDUATTAIN_BDH,C_EA_GT25_OA_M_EDUATTAIN_HSGH,C_EA_GT25_OA_M_EDUATTAIN_BDH,C_EA_GT25_TOM_M_EDUATTAIN_HSGH,C_EA_GT25_TOM_M_EDUATTAIN_BDH,C_EA_GT25_HOLO_M_EDUATTAIN_HSGH,C_EA_GT25_HOLO_M_EDUATTAIN_BDH,C_EA_GT25_WA_F_EDUATTAIN_BDH,C_EA_GT25_WANHL_F_EDUATTAIN_HSGH,C_EA_GT25_WANHL_F_EDUATTAIN_BDH,C_EA_GT25_BA_F_EDUATTAIN_HSGH,C_EA_GT25_BA_F_EDUATTAIN_BDH,C_EA_GT25_AIANA_F_EDUATTAIN_HSGH,C_EA_GT25_AIANA_F_EDUATTAIN_BDH,C_EA_GT25_AA_F_EDUATTAIN_HSGH,C_EA_GT25_AA_F_EDUATTAIN_BDH,C_EA_GT25_OA_F_EDUATTAIN_HSGH,C_EA_GT25_OA_F_EDUATTAIN_BDH,C_EA_GT25_TOM_F_EDUATTAIN_HSGH,C_EA_GT25_TOM_F_EDUATTAIN_BDH,C_EA_GT25_HOLO_F_EDUATTAIN_HSGH,C_EA_GT25_HOLO_F_EDUATTAIN_BDH,C_EA_GT25_WDIS_EDUATTAIN_LHSG,C_EA_GT25_WDIS_EDUATTAIN_HSGIE,C_EA_GT25_WDIS_EDUATTAIN_SCAG,C_EA_GT25_WDIS_EDUATTAIN_BDH,C_EA_GT25_WODIS_EDUATTAIN_LHSG,C_EA_GT25_WODIS_EDUATTAIN_HSGIE,C_EA_GT25_WODIS_EDUATTAIN_SCAG,C_EA_GT25_WODIS_EDUATTAIN_BDH,C_EA_GT25_WA_M_EDUATTAIN_HSG,C_EA_GT25_WA_F_EDUATTAIN_HSG
1,2015,States,Alaska,35,89,97,94,64,27,13,3,26,23,31,95,35,95,36,95.0,19.0,81.0,7.0,81.0,24.0,78.0,15.0,93,19,88,18,33,95,34,95.0,12.0,81.0,5.0,81.0,18.0,79.0,19.0,93,19,87,18,38,95,39,94.0,30.0,81.0,8.0,81.0,29.0,78.0,11.0,93,19,89,18,16,30,35,17,5,26,35,32,95.6,95.7
2,2016,States,Alaska,35,93,97,96,54,23,12,3,21,19,25,95,35,96,36,93.0,12.0,84.0,7.0,86.0,26.0,79.0,10.0,93,24,82,13,31,95,32,93.0,7.0,84.0,6.0,88.0,22.0,92.0,6.0,89,18,83,7,40,96,41,92.0,18.0,83.0,7.0,85.0,29.0,67.0,13.0,97,30,80,19,16,31,35,17,5,27,35,32,95.0,96.5
3,2017,States,Alaska,36,92,98,97,59,29,9,3,27,24,31,95,34,95,34,91.0,18.0,80.0,8.0,79.0,25.0,82.0,10.0,91,22,88,22,30,95,31,91.0,14.0,81.0,6.0,81.0,19.0,75.0,5.0,89,17,86,13,38,95,38,91.0,23.0,79.0,9.0,78.0,31.0,91.0,18.0,94,28,91,30,15,32,35,17,6,26,35,31,95.2,95.4
4,2018,States,Alaska,41,94,98,97,55,20,14,3,22,18,26,95,36,95,36,95.0,24.0,84.0,7.0,89.0,24.0,79.0,15.0,94,23,88,25,33,94,33,95.0,17.0,82.0,4.0,89.0,22.0,81.0,15.0,94,20,89,22,39,96,39,95.0,34.0,86.0,10.0,90.0,26.0,76.0,17.0,93,27,87,28,12,32,35,19,5,27,34,32,94.9,95.9
5,2019,States,Alaska,44,93,97,96,53,26,11,3,25,23,28,95,35,96,36,89.0,22.0,83.0,9.0,93.0,28.0,84.0,17.0,96,29,86,19,32,96,33,84.0,15.0,85.0,7.0,94.0,20.0,89.0,15.0,95,17,84,14,39,97,40,96.0,32.0,82.0,10.0,92.0,34.0,80.0,18.0,97,40,87,25,11,33,36,18,5,28,33,32,95.4,96.6
6,2015,National,United States,47,95,98,96,75,41,12,2,42,38,46,89,31,92,34,84.0,20.0,79.0,14.0,86.0,52.0,60.0,11.0,87,30,66,14,31,91,34,83.0,17.0,77.0,12.0,88.0,54.0,59.0,9.0,86,28,64,13,31,92,34,86.0,22.0,80.0,15.0,84.0,50.0,62.0,12.0,88,31,67,16,22,34,27,16,10,26,29,33,88.4,89.7
7,2016,National,United States,48,95,98,96,75,41,12,2,42,38,47,89,32,92,35,85.0,20.0,79.0,14.0,86.0,53.0,61.0,11.0,87,30,67,15,32,91,35,83.0,18.0,77.0,13.0,88.0,55.0,60.0,9.0,87,28,65,13,32,93,34,86.0,23.0,81.0,15.0,85.0,51.0,62.0,12.0,88,32,68,16,21,33,27,16,10,25,29,34,88.7,90.1
8,2017,National,United States,48,95,98,96,75,41,11,2,42,38,46,89,33,92,35,85.0,21.0,80.0,14.0,86.0,53.0,62.0,11.0,88,31,68,16,33,92,35,84.0,18.0,78.0,12.0,89.0,56.0,61.0,10.0,88,29,67,14,33,93,35,87.0,23.0,81.0,16.0,85.0,51.0,63.0,13.0,89,33,70,17,20,33,28,17,10,25,29,35,89.3,90.6
9,2018,National,United States,48,95,98,96,74,41,11,2,42,38,46,90,33,93,36,86.0,22.0,80.0,15.0,87.0,55.0,63.0,12.0,88,32,69,17,33,92,36,85.0,19.0,79.0,13.0,89.0,57.0,62.0,10.0,87,30,68,15,34,93,36,87.0,24.0,82.0,17.0,86.0,53.0,65.0,13.0,89,34,70,18,20,33,28,17,9,25,29,35,89.5,90.8
10,2019,National,United States,48,95,98,96,74,40,11,2,42,37,46,90,34,93,36,87.0,22.0,81.0,16.0,87.0,55.0,64.0,13.0,89,33,70,17,33,92,36,85.0,19.0,80.0,14.0,89.0,57.0,63.0,11.0,88,31,69,16,35,93,37,88.0,25.0,82.0,17.0,86.0,53.0,65.0,14.0,89,35,71,19,19,33,28,18,9,25,28,36,89.7,91.0
11,2019,States,Illinois,56,95,98,97,76,41,10,2,43,39,46,91,37,94,39,86.0,22.0,74.0,23.0,90.0,65.0,68.0,13.0,90,39,71,16,36,94,39,84.0,20.0,73.0,24.0,92.0,67.0,67.0,11.0,88,35,70,15,37,94,40,88.0,24.0,75.0,23.0,88.0,63.0,68.0,15.0,92,42,71,18,18,34,28,17,8,24,28,39,91.3,92.4
12,2018,States,Illinois,55,95,97,97,77,42,11,2,43,40,46,91,36,94,39,86.0,21.0,78.0,19.0,90.0,65.0,63.0,10.0,89,38,69,14,36,94,39,84.0,18.0,77.0,13.0,92.0,67.0,62.0,8.0,88,37,68,13,37,94,39,88.0,24.0,79.0,25.0,88.0,63.0,65.0,12.0,91,38,71,16,18,34,29,18,8,24,28,38,91.0,92.3
13,2017,States,Illinois,53,96,98,96,77,41,11,2,42,38,46,91,36,94,38,86.0,21.0,73.0,21.0,90.0,65.0,59.0,9.0,88,35,66,14,35,94,38,85.0,17.0,70.0,20.0,93.0,67.0,58.0,9.0,87,34,64,12,36,94,38,87.0,23.0,76.0,22.0,89.0,63.0,59.0,10.0,89,37,67,16,18,34,28,17,9,24,28,37,90.9,92.2
14,2016,States,Illinois,57,96,98,97,76,43,11,2,44,40,48,91,35,93,37,86.0,21.0,76.0,19.0,90.0,65.0,59.0,9.0,90,37,66,14,35,93,37,83.0,18.0,73.0,21.0,92.0,67.0,58.0,7.0,88,35,65,11,36,94,37,88.0,24.0,80.0,16.0,89.0,62.0,60.0,11.0,90,39,68,17,20,33,28,17,9,24,29,37,90.6,92.0
15,2015,States,Illinois,55,95,98,97,77,42,12,2,43,39,47,90,34,93,37,86.0,20.0,75.0,16.0,90.0,62.0,58.0,9.0,91,38,64,13,34,93,37,83.0,16.0,75.0,12.0,93.0,65.0,57.0,8.0,91,36,63,11,34,94,36,87.0,22.0,76.0,19.0,88.0,60.0,59.0,11.0,91,40,65,15,20,34,28,16,9,25,29,36,90.4,91.4
16,2019,States,Georgia,51,95,98,95,71,37,11,2,38,33,44,89,35,91,36,87.0,24.0,67.0,13.0,86.0,57.0,57.0,14.0,87,36,64,19,34,90,36,86.0,20.0,69.0,15.0,88.0,59.0,55.0,12.0,85,31,61,16,36,92,36,88.0,28.0,64.0,11.0,85.0,55.0,60.0,15.0,88,41,67,21,20,34,28,17,10,25,27,36,88.1,90.5
17,2018,States,Georgia,49,96,98,96,71,40,11,2,39,33,45,88,34,90,35,87.0,24.0,75.0,18.0,87.0,56.0,57.0,14.0,89,38,62,17,34,90,36,85.0,19.0,77.0,16.0,89.0,60.0,55.0,12.0,88,36,61,15,34,91,35,89.0,27.0,73.0,20.0,85.0,53.0,59.0,16.0,91,39,64,20,21,34,27,17,10,26,28,35,87.9,89.7
18,2017,States,Georgia,49,96,98,96,72,38,10,2,38,33,44,88,33,90,35,86.0,23.0,70.0,22.0,86.0,53.0,54.0,13.0,88,35,60,16,33,90,35,84.0,19.0,66.0,17.0,88.0,56.0,52.0,11.0,88,32,57,15,33,91,34,87.0,26.0,73.0,27.0,85.0,51.0,57.0,15.0,88,38,64,18,22,34,27,16,10,26,28,34,87.6,89.6
19,2016,States,Georgia,48,96,98,96,72,39,11,2,38,34,43,87,32,89,33,86.0,23.0,66.0,14.0,86.0,57.0,54.0,10.0,88,33,59,16,32,89,33,84.0,19.0,61.0,15.0,88.0,62.0,50.0,8.0,84,28,55,14,33,90,33,87.0,26.0,71.0,14.0,85.0,53.0,58.0,13.0,91,37,64,19,23,34,26,15,11,26,28,34,86.8,88.8
20,2015,States,Georgia,50,96,98,95,70,39,12,3,38,33,43,87,32,89,33,85.0,22.0,69.0,22.0,86.0,52.0,57.0,11.0,89,35,61,16,32,88,34,82.0,18.0,63.0,20.0,89.0,56.0,55.0,11.0,90,32,59,15,32,90,33,86.0,26.0,78.0,24.0,84.0,48.0,59.0,12.0,88,37,63,17,23,34,26,15,11,26,28,33,86.8,88.5
21,2019,States,Idaho,32,92,98,96,67,35,11,2,36,34,37,92,29,94,30,92.0,13.0,82.0,19.0,86.0,48.0,60.0,7.0,90,38,68,12,29,93,30,93.0,12.0,73.0,11.0,90.0,48.0,58.0,5.0,93,40,66,11,29,94,30,89.0,16.0,90.0,27.0,82.0,47.0,62.0,9.0,87,37,71,14,13,32,37,17,7,24,36,31,92.2,93.4
22,2018,States,Idaho,35,91,96,95,65,36,11,2,35,30,40,92,28,94,29,92.0,27.0,81.0,12.0,88.0,39.0,57.0,5.0,90,26,63,9,27,93,29,96.0,36.0,75.0,7.0,85.0,50.0,58.0,5.0,88,22,62,9,29,94,30,84.0,6.0,86.0,16.0,90.0,30.0,55.0,5.0,92,29,65,10,15,33,34,17,7,26,35,30,91.4,93.0
23,2017,States,Idaho,39,92,98,97,63,37,12,2,35,32,38,91,27,93,28,90.0,24.0,89.0,9.0,88.0,46.0,57.0,6.0,91,28,65,9,27,92,29,96.0,26.0,87.0,10.0,92.0,52.0,61.0,6.0,89,22,64,9,26,94,27,80.0,21.0,90.0,8.0,86.0,41.0,53.0,6.0,94,34,67,10,15,33,35,15,7,26,36,29,90.8,93.0
24,2016,States,Idaho,33,94,97,97,69,39,13,2,39,33,45,91,28,93,29,98.0,30.0,84.0,15.0,89.0,42.0,53.0,4.0,87,29,64,9,29,92,30,97.0,24.0,80.0,14.0,91.0,43.0,58.0,5.0,79,29,65,9,27,93,28,100.0,50.0,88.0,16.0,87.0,41.0,48.0,3.0,94,29,62,8,15,34,33,16,8,26,35,30,91.2,92.1
25,2015,States,Idaho,30,92,96,96,69,38,13,2,37,35,39,91,26,93,27,88.0,33.0,83.0,9.0,89.0,45.0,50.0,5.0,86,21,61,8,27,93,29,86.0,36.0,77.0,3.0,97.0,50.0,49.0,4.0,84,21,57,7,25,93,26,91.0,28.0,90.0,16.0,85.0,42.0,51.0,6.0,89,22,64,9,16,33,33,16,8,26,37,28,90.4,91.6
26,2019,States,Hawaii,55,93,97,95,62,32,12,2,34,28,41,96,44,97,46,98.0,31.0,70.0,28.0,89.0,35.0,86.0,24.0,95,26,91,23,43,97,44,97.0,24.0,66.0,9.0,90.0,32.0,85.0,21.0,95,22,91,21,46,97,48,99.0,41.0,72.0,42.0,88.0,37.0,88.0,28.0,94,31,91,24,16,34,28,20,6,26,31,36,97.1,96.7
27,2018,States,Hawaii,48,94,98,94,62,34,12,2,36,28,44,97,44,97,45,97.0,32.0,95.0,45.0,88.0,34.0,79.0,41.0,94,25,91,28,43,97,44,96.0,27.0,92.0,35.0,90.0,33.0,77.0,30.0,93,21,89,23,45,97,46,100.0,40.0,100.0,58.0,87.0,34.0,82.0,55.0,95,29,92,32,14,33,29,22,7,25,32,35,97.3,97.1
28,2017,States,Hawaii,45,93,97,95,59,34,13,2,35,30,40,96,44,97,46,94.0,34.0,77.0,28.0,89.0,33.0,88.0,26.0,94,23,90,20,43,97,45,96.0,28.0,75.0,36.0,90.0,32.0,82.0,21.0,94,21,90,18,45,96,48,92.0,44.0,80.0,16.0,89.0,35.0,95.0,32.0,93,25,90,22,14,36,26,22,6,26,31,34,97.2,96.3
29,2016,States,Hawaii,46,92,97,95,63,34,13,3,35,29,42,96,42,96,44,95.0,24.0,95.0,31.0,89.0,34.0,83.0,14.0,94,22,91,16,41,96,43,97.0,21.0,92.0,28.0,90.0,32.0,83.0,10.0,93,19,90,13,43,97,46,91.0,31.0,98.0,35.0,88.0,35.0,84.0,19.0,94,24,91,20,18,36,26,19,6,26,32,34,95.9,97.1
30,2015,States,Hawaii,45,93,97,95,62,34,14,2,36,30,44,95,43,95,44,94.0,27.0,94.0,23.0,86.0,31.0,89.0,36.0,93,22,89,21,41,96,42,92.0,26.0,93.0,10.0,87.0,30.0,90.0,42.0,92,19,86,20,45,95,47,100.0,30.0,95.0,38.0,86.0,31.0,88.0,28.0,94,24,92,22,19,32,27,20,7,26,33,33,95.6,95.4
31,2019,States,Indiana,39,93,98,95,73,38,9,2,39,35,43,90,27,91,27,87.0,19.0,81.0,11.0,84.0,59.0,61.0,9.0,88,26,69,15,26,90,26,86.0,17.0,81.0,14.0,85.0,64.0,61.0,9.0,86,24,68,15,28,91,28,88.0,21.0,80.0,8.0,83.0,54.0,62.0,8.0,90,28,71,15,18,41,26,14,8,31,29,30,90.0,91.2
32,2018,States,Indiana,40,94,98,95,75,39,9,1,40,36,44,90,27,90,28,85.0,18.0,89.0,24.0,83.0,59.0,63.0,9.0,85,28,68,14,26,90,27,84.0,16.0,89.0,20.0,86.0,65.0,61.0,6.0,85,28,65,12,28,91,28,86.0,20.0,89.0,28.0,80.0,54.0,66.0,12.0,86,27,72,17,20,40,26,13,8,31,29,30,89.3,90.9
33,2017,States,Indiana,41,93,98,95,73,40,10,1,40,38,44,89,27,90,27,85.0,19.0,78.0,12.0,83.0,57.0,64.0,11.0,88,27,64,14,26,89,27,84.0,16.0,76.0,12.0,85.0,63.0,63.0,9.0,88,24,61,13,27,91,28,85.0,21.0,81.0,11.0,81.0,51.0,65.0,13.0,88,29,66,16,20,40,25,13,9,30,30,30,88.7,90.3
34,2016,States,Indiana,42,94,98,96,76,40,10,2,40,38,43,89,26,90,26,85.0,15.0,82.0,17.0,82.0,53.0,60.0,10.0,86,22,66,13,25,89,26,84.0,14.0,76.0,17.0,84.0,59.0,60.0,10.0,85,20,65,13,26,90,27,86.0,16.0,89.0,17.0,80.0,48.0,60.0,10.0,87,24,67,13,20,40,25,12,9,31,29,28,88.7,90.0
35,2015,States,Indiana,39,93,97,95,76,41,10,2,41,37,45,89,25,90,25,85.0,16.0,85.0,18.0,86.0,60.0,61.0,9.0,85,27,62,11,24,89,25,83.0,15.0,85.0,16.0,89.0,67.0,58.0,9.0,87,23,61,11,25,90,26,87.0,18.0,85.0,19.0,83.0,53.0,63.0,10.0,83,30,64,12,21,41,25,11,9,32,30,28,88.7,89.5
36,2019,States,Iowa,46,96,97,96,75,41,10,1,44,38,49,93,29,94,30,83.0,14.0,82.0,8.0,79.0,51.0,64.0,14.0,92,29,67,13,27,94,28,84.0,19.0,74.0,5.0,79.0,52.0,60.0,9.0,92,28,66,13,31,95,31,80.0,9.0,90.0,11.0,79.0,49.0,68.0,19.0,92,29,69,14,13,40,30,16,6,29,32,32,93.0,94.2
37,2018,States,Iowa,44,96,98,96,77,41,9,1,44,41,47,93,29,94,29,85.0,17.0,84.0,16.0,76.0,44.0,60.0,14.0,89,31,64,14,27,93,28,86.0,15.0,80.0,12.0,79.0,50.0,58.0,13.0,88,32,62,14,30,94,31,85.0,18.0,87.0,18.0,73.0,39.0,63.0,16.0,91,30,65,15,14,40,29,15,6,28,33,31,92.6,93.8
38,2017,States,Iowa,46,97,98,96,79,42,10,2,45,41,49,93,29,94,29,85.0,19.0,86.0,12.0,78.0,42.0,52.0,10.0,89,24,62,13,28,93,28,84.0,18.0,86.0,19.0,81.0,40.0,47.0,8.0,88,20,61,11,30,94,30,86.0,21.0,87.0,6.0,76.0,43.0,57.0,11.0,90,27,64,15,15,39,30,15,6,28,33,31,92.6,93.7
39,2016,States,Iowa,48,96,98,97,80,42,11,2,45,40,50,92,28,93,28,82.0,19.0,82.0,25.0,82.0,52.0,52.0,11.0,89,32,60,12,27,92,27,83.0,20.0,83.0,21.0,85.0,55.0,48.0,11.0,85,33,57,11,29,94,29,81.0,18.0,82.0,29.0,79.0,49.0,57.0,12.0,92,32,64,13,16,39,29,15,6,29,33,31,91.9,93.6
40,2015,States,Iowa,47,96,98,97,78,42,10,2,46,42,51,92,27,93,27,83.0,14.0,78.0,13.0,83.0,44.0,52.0,7.0,86,21,57,10,26,93,26,84.0,12.0,68.0,12.0,85.0,52.0,46.0,7.0,87,20,53,8,28,94,28,82.0,15.0,85.0,13.0,82.0,38.0,60.0,8.0,85,21,62,13,15,41,28,14,6,30,33,29,92.0,93.4
41,2019,States,Kansas,47,95,98,96,73,39,10,2,41,37,45,93,35,95,36,87.0,20.0,86.0,14.0,85.0,49.0,61.0,10.0,91,27,68,14,33,94,35,86.0,20.0,84.0,18.0,88.0,54.0,62.0,9.0,90,27,66,11,36,95,38,88.0,21.0,89.0,11.0,82.0,45.0,59.0,10.0,91,28,70,17,12,35,32,19,7,24,31,37,92.6,93.8
42,2018,States,Kansas,47,95,98,96,73,40,11,2,42,41,43,92,34,94,36,87.0,18.0,81.0,17.0,85.0,54.0,54.0,11.0,91,29,63,13,33,94,35,87.0,17.0,79.0,14.0,86.0,60.0,52.0,9.0,90,27,61,12,36,95,37,88.0,20.0,83.0,20.0,84.0,49.0,56.0,13.0,92,31,65,14,14,34,32,18,7,23,31,37,91.6,93.2
43,2017,States,Kansas,49,94,98,97,75,40,12,2,42,38,46,92,34,94,36,86.0,20.0,88.0,20.0,86.0,50.0,57.0,10.0,89,26,66,13,34,93,35,84.0,17.0,90.0,17.0,87.0,53.0,56.0,9.0,88,26,64,13,35,94,37,89.0,22.0,87.0,23.0,85.0,47.0,58.0,11.0,90,25,68,13,14,36,31,18,7,23,31,37,91.7,92.9
44,2016,States,Kansas,45,95,98,96,74,40,12,2,42,39,44,91,33,93,35,88.0,20.0,83.0,17.0,84.0,50.0,60.0,11.0,88,30,63,13,33,93,35,86.0,19.0,83.0,15.0,86.0,57.0,58.0,9.0,85,23,63,12,34,94,35,90.0,21.0,83.0,20.0,82.0,45.0,62.0,12.0,91,35,63,15,15,35,31,17,8,23,31,36,91.1,92.2
45,2015,States,Kansas,44,95,98,96,75,40,11,2,42,38,45,91,32,93,34,86.0,19.0,78.0,19.0,84.0,45.0,55.0,8.0,88,25,62,12,32,93,33,85.0,19.0,80.0,17.0,85.0,48.0,51.0,8.0,88,23,60,12,33,94,34,87.0,18.0,76.0,20.0,83.0,43.0,60.0,9.0,88,28,65,13,15,35,31,17,8,24,32,35,91.0,92.3
46,2019,States,Kentucky,37,92,98,95,67,34,9,1,37,31,42,87,25,87,25,88.0,19.0,76.0,17.0,86.0,57.0,56.0,11.0,86,26,70,19,23,86,23,87.0,17.0,66.0,23.0,86.0,65.0,51.0,7.0,86,23,67,17,26,88,26,88.0,20.0,85.0,10.0,85.0,50.0,61.0,15.0,86,29,73,22,24,38,26,11,9,31,29,29,86.1,88.6
47,2018,States,Kentucky,43,94,98,96,71,36,9,1,38,33,43,87,25,87,25,86.0,17.0,78.0,13.0,82.0,51.0,52.0,11.0,85,24,68,20,24,86,24,85.0,15.0,77.0,12.0,86.0,55.0,48.0,10.0,84,26,66,19,26,88,26,87.0,18.0,80.0,15.0,79.0,48.0,58.0,12.0,85,23,70,20,24,38,25,11,9,30,30,29,86.1,88.3
48,2017,States,Kentucky,39,93,97,96,69,35,10,1,37,31,44,86,24,86,24,88.0,19.0,83.0,14.0,84.0,48.0,64.0,18.0,87,27,73,21,23,85,23,87.0,16.0,87.0,8.0,88.0,53.0,64.0,15.0,85,25,71,18,25,87,25,89.0,21.0,81.0,19.0,81.0,44.0,63.0,23.0,90,29,75,24,25,38,25,11,9,31,30,28,84.9,87.7
49,2016,States,Kentucky,45,96,98,96,72,36,11,2,38,32,45,85,23,86,23,85.0,14.0,83.0,11.0,85.0,51.0,54.0,13.0,88,24,67,20,23,85,23,83.0,13.0,79.0,14.0,86.0,56.0,49.0,10.0,87,26,62,17,24,87,24,86.0,15.0,85.0,8.0,85.0,48.0,61.0,18.0,89,23,73,24,26,37,25,10,10,30,31,27,84.9,86.9
50,2015,States,Kentucky,39,94,98,96,71,35,10,2,37,31,44,85,23,85,23,84.0,16.0,70.0,14.0,82.0,52.0,52.0,11.0,89,26,68,17,22,84,22,82.0,14.0,74.0,15.0,87.0,57.0,48.0,10.0,89,23,63,15,24,86,24,85.0,18.0,67.0,12.0,79.0,48.0,57.0,14.0,88,28,74,20,28,37,23,11,10,32,29,27,84.2,86.6
51,2019,States,Louisiana,50,96,98,96,70,36,10,2,36,30,43,88,28,88,28,82.0,17.0,78.0,16.0,83.0,45.0,68.0,13.0,87,26,73,17,26,87,27,78.0,12.0,77.0,17.0,85.0,46.0,69.0,13.0,85,25,72,16,29,90,30,84.0,20.0,79.0,16.0,81.0,44.0,68.0,13.0,88,27,75,18,23,35,25,14,11,33,27,28,86.8,89.5
52,2018,States,Louisiana,51,95,98,96,68,36,10,2,36,31,42,88,28,89,28,81.0,15.0,62.0,11.0,84.0,41.0,61.0,10.0,89,29,72,18,26,88,27,77.0,11.0,59.0,13.0,86.0,44.0,59.0,6.0,89,24,72,16,29,90,29,84.0,18.0,66.0,9.0,82.0,39.0,64.0,15.0,89,34,73,21,24,37,24,13,10,33,28,27,87.7,89.6
53,2017,States,Louisiana,52,95,97,96,70,38,9,2,37,31,44,88,27,89,28,79.0,14.0,71.0,11.0,78.0,42.0,62.0,12.0,88,27,69,15,26,87,26,76.0,10.0,72.0,7.0,83.0,45.0,57.0,10.0,86,24,66,14,29,90,29,81.0,17.0,71.0,15.0,73.0,40.0,67.0,14.0,91,29,72,17,25,37,23,13,11,33,28,26,87.1,89.9
54,2016,States,Louisiana,52,97,97,94,70,37,10,2,37,29,44,87,27,88,27,78.0,14.0,71.0,8.0,80.0,43.0,62.0,8.0,86,23,72,16,26,86,27,73.0,10.0,66.0,9.0,82.0,47.0,60.0,7.0,82,24,68,14,27,89,28,82.0,18.0,75.0,8.0,79.0,39.0,64.0,10.0,88,22,76,18,27,36,23,12,11,33,28,26,86.2,89.2
55,2015,States,Louisiana,50,96,97,95,69,37,9,2,36,31,42,87,26,88,27,78.0,15.0,65.0,12.0,74.0,35.0,72.0,13.0,82,24,73,17,25,86,26,75.0,11.0,60.0,10.0,79.0,43.0,73.0,9.0,80,19,70,15,27,90,28,81.0,18.0,69.0,13.0,69.0,29.0,71.0,18.0,84,28,77,20,27,36,23,12,11,33,28,26,86.0,89.6
56,2019,States,Maine,45,94,98,96,73,38,10,1,40,37,44,93,33,93,33,87.0,38.0,94.0,24.0,81.0,45.0,85.0,28.0,88,31,89,37,30,92,30,86.0,36.0,92.0,25.0,83.0,48.0,79.0,19.0,88,20,85,29,35,94,35,88.0,39.0,96.0,23.0,80.0,44.0,92.0,38.0,88,40,94,45,15,38,27,19,4,29,29,36,92.6,94.3
57,2018,States,Maine,46,94,97,95,74,36,9,2,39,33,45,93,31,93,31,82.0,17.0,90.0,17.0,82.0,39.0,59.0,10.8,92,25,91,36,29,92,29,85.0,18.0,89.0,10.0,84.0,55.0,58.2,8.6,92,24,94,23,34,94,33,75.0,15.0,92.0,24.0,81.0,31.0,59.8,14.2,93,26,87,48,14,38,29,17,4,29,30,35,92.4,94.1
58,2017,States,Maine,45,96,98,97,77,41,11,2,43,37,50,92,32,92,32,81.0,23.0,77.0,14.0,83.0,45.0,66.0,14.2,90,26,87,31,29,90,29,80.0,21.0,71.0,16.0,86.0,47.0,65.8,12.8,91,24,83,34,35,94,35,82.0,28.0,83.0,13.0,82.0,43.0,66.0,15.8,89,28,91,28,17,38,27,17,5,29,30,35,90.8,94.3
59,2016,States,Maine,47,95,98,96,80,42,10,2,45,40,50,92,30,92,30,79.0,19.0,88.0,8.0,87.0,42.0,95.0,38.0,88,21,88,27,27,91,27,87.0,12.0,88.0,5.0,84.0,42.0,98.0,39.0,81,17,88,27,32,94,32,65.0,32.0,87.0,12.0,88.0,41.0,94.0,38.0,93,24,89,27,15,41,26,15,5,30,29,33,91.2,93.9
60,2015,States,Maine,35,94,98,97,76,41,10,2,42,38,45,92,30,92,30,83.0,26.0,84.0,17.0,82.0,42.0,59.2,12.2,82,23,92,43,28,90,28,88.0,26.0,77.0,15.0,79.0,45.0,58.6,10.2,84,20,93,46,31,93,31,75.0,27.0,88.0,19.0,84.0,40.0,59.8,16.2,81,26,91,41,17,40,24,16,5,30,30,33,90.8,93.3
61,2019,States,Maryland,48,95,98,96,77,42,12,3,43,39,48,92,45,94,46,90.0,30.0,79.0,26.0,89.0,63.0,56.0,12.0,93,44,67,22,45,93,46,90.0,28.0,85.0,19.0,90.0,64.0,53.0,10.0,92,40,63,19,46,94,46,90.0,33.0,74.0,31.0,88.0,62.0,60.0,15.0,94,47,70,24,18,32,24,24,8,23,24,44,91.9,93.7
62,2018,States,Maryland,47,96,97,97,77,43,14,3,44,40,48,93,45,94,46,90.0,30.0,86.0,30.0,89.0,64.0,59.0,14.0,90,43,68,22,45,93,46,89.0,27.0,81.0,28.0,91.0,66.0,55.0,11.0,89,41,66,21,45,94,46,91.0,33.0,94.0,34.0,88.0,61.0,63.0,17.0,92,45,70,24,18,32,25,23,7,22,25,44,92.4,93.5
63,2017,States,Maryland,50,95,97,97,75,42,13,3,44,38,49,92,44,93,44,89.0,29.0,72.0,15.0,90.0,61.0,53.0,12.0,91,44,64,21,43,93,44,88.0,25.0,67.0,12.0,92.0,65.0,50.0,10.0,90,42,62,18,44,94,45,91.0,32.0,77.0,18.0,88.0,59.0,56.0,15.0,92,46,67,24,19,33,25,22,8,22,25,42,92.0,92.9
64,2016,States,Maryland,47,95,98,97,77,44,13,3,45,42,48,92,43,93,44,90.0,29.0,79.0,26.0,90.0,62.0,54.0,12.0,91,42,64,20,43,93,44,89.0,27.0,73.0,14.0,92.0,66.0,47.0,10.0,89,39,59,18,43,93,44,91.0,31.0,84.0,36.0,89.0,59.0,61.0,15.0,92,45,70,23,18,34,25,21,8,23,25,42,91.3,92.7
65,2015,States,Maryland,51,95,98,96,77,45,14,3,46,42,50,91,42,93,43,89.0,28.0,69.0,22.0,90.0,63.0,51.0,12.0,91,43,62,21,43,92,44,88.0,25.0,62.0,18.0,93.0,66.0,48.0,11.0,90,40,59,19,42,93,43,90.0,30.0,76.0,25.0,89.0,61.0,54.0,13.0,92,45,65,23,19,32,25,22,8,23,25,41,91.1,92.3
66,2019,States,Massachusetts,60,95,98,97,85,50,13,2,52,48,57,93,46,94,48,85.0,28.0,73.0,20.0,86.0,63.0,71.0,17.0,83,40,73,20,45,94,47,86.0,27.0,75.0,23.0,87.0,65.0,69.0,16.0,82,37,72,19,47,95,49,84.0,28.0,70.0,17.0,85.0,61.0,73.0,17.0,84,43,74,22,18,33,25,22,6,22,22,49,93.0,93.8
67,2018,States,Massachusetts,61,95,98,98,83,52,13,2,53,49,57,92,46,94,47,86.0,29.0,89.0,17.0,86.0,63.0,69.0,14.0,81,38,70,21,45,93,46,86.0,28.0,93.0,10.0,88.0,66.0,68.0,12.0,82,36,69,18,46,94,48,86.0,30.0,86.0,24.0,85.0,61.0,70.0,17.0,80,40,71,23,20,31,25,21,7,21,22,48,92.3,93.2
68,2017,States,Massachusetts,58,95,98,97,85,52,13,2,53,48,57,92,44,94,46,85.0,25.0,79.0,28.0,85.0,61.0,70.0,13.0,82,35,72,18,44,93,46,84.0,23.0,84.0,27.0,88.0,64.0,69.0,10.0,81,36,71,16,45,94,47,85.0,27.0,75.0,29.0,83.0,58.0,72.0,16.0,83,34,73,19,20,33,24,21,7,22,22,47,92.4,92.9
69,2016,States,Massachusetts,59,96,98,98,86,51,13,2,52,48,56,92,44,93,46,85.0,25.0,81.0,22.0,85.0,59.0,68.0,12.0,78,31,69,18,43,93,45,85.0,24.0,78.0,14.0,86.0,61.0,68.0,11.0,78,27,67,16,45,94,46,84.0,25.0,85.0,31.0,83.0,57.0,69.0,13.0,79,34,71,19,20,33,24,21,7,22,23,46,91.7,93.3
70,2015,States,Massachusetts,59,95,98,97,84,50,13,2,52,48,56,92,43,93,44,84.0,22.0,84.0,31.0,84.0,57.0,64.0,13.0,81,32,68,17,43,93,44,84.0,21.0,78.0,28.0,87.0,61.0,63.0,14.0,79,30,66,16,43,94,44,83.0,24.0,90.0,33.0,82.0,55.0,64.0,12.0,83,34,71,18,22,34,22,20,7,23,23,45,91.8,93.1
71,2019,States,Michigan,47,95,98,97,75,42,11,1,43,39,48,92,30,92,31,87.0,18.0,87.0,11.0,89.0,64.0,68.0,16.0,90,30,75,21,30,92,30,86.0,14.0,87.0,11.0,92.0,70.0,67.0,19.0,90,27,74,20,31,93,31,88.0,20.0,88.0,12.0,87.0,59.0,68.0,13.0,89,32,76,22,16,36,31,15,6,27,32,33,91.7,92.8
72,2018,States,Michigan,45,96,98,96,73,42,11,1,43,39,47,92,30,92,30,87.0,17.0,84.0,13.0,90.0,66.0,67.0,18.0,88,27,73,19,30,92,30,85.0,14.0,84.0,11.0,92.0,70.0,63.0,19.0,87,26,70,19,30,93,31,88.0,20.0,84.0,15.0,87.0,62.0,71.0,17.0,88,27,75,20,17,36,31,14,6,26,33,33,91.4,92.9
73,2017,States,Michigan,48,96,98,97,77,43,11,2,44,40,48,92,30,92,30,86.0,17.0,86.0,17.0,89.0,62.0,63.0,14.0,89,29,72,17,29,92,30,84.0,13.0,86.0,14.0,90.0,68.0,60.0,14.0,87,28,70,14,30,93,30,87.0,20.0,86.0,20.0,87.0,56.0,65.0,15.0,90,30,74,19,17,36,31,14,6,26,33,32,91.5,92.7
74,2016,States,Michigan,48,96,98,96,76,43,12,2,44,41,48,91,29,92,29,85.0,17.0,83.0,11.0,88.0,63.0,63.0,14.0,87,25,71,17,29,91,29,83.0,13.0,81.0,11.0,90.0,67.0,57.0,12.0,88,24,69,16,29,92,29,87.0,20.0,85.0,10.0,86.0,59.0,69.0,16.0,86,26,74,18,19,36,30,13,7,27,33,31,91.1,92.4
75,2015,States,Michigan,46,96,98,96,75,42,13,2,43,39,48,91,28,91,28,84.0,17.0,85.0,13.0,90.0,63.0,63.0,13.0,86,22,71,16,28,91,29,82.0,14.0,85.0,12.0,92.0,70.0,66.0,15.0,84,19,69,15,28,92,28,86.0,19.0,86.0,15.0,88.0,56.0,60.0,11.0,87,25,72,18,19,36,30,13,7,27,33,31,90.8,92.0
76,2019,States,Minnesota,47,95,98,97,78,40,10,2,41,35,47,95,38,96,38,82.0,21.0,83.0,14.0,81.0,46.0,66.0,16.0,94,31,75,22,36,95,36,85.0,22.0,81.0,15.0,84.0,47.0,65.0,14.0,92,33,74,21,40,96,40,78.0,21.0,85.0,14.0,79.0,44.0,66.0,19.0,95,29,75,23,13,35,30,20,5,22,32,40,94.9,96.2
77,2018,States,Minnesota,50,95,98,97,79,41,10,2,42,38,47,95,37,96,38,81.0,22.0,83.0,11.0,82.0,45.0,60.0,12.0,91,35,68,18,36,95,36,83.0,22.0,82.0,8.0,85.0,46.0,60.0,11.0,90,34,65,17,39,96,39,78.0,22.0,84.0,13.0,80.0,45.0,60.0,14.0,92,35,72,19,13,35,30,20,5,21,33,39,94.4,96.3
78,2017,States,Minnesota,47,95,98,97,78,42,11,2,42,38,46,95,37,95,37,81.0,22.0,81.0,13.0,80.0,44.0,53.0,11.0,90,31,66,16,36,95,36,85.0,26.0,81.0,13.0,82.0,46.0,53.0,11.0,89,30,64,15,38,96,38,77.0,17.0,82.0,13.0,79.0,42.0,54.0,12.0,91,32,68,18,15,35,30,18,5,22,32,39,94.6,96.0
79,2016,States,Minnesota,46,95,98,97,80,42,10,2,42,38,46,95,36,95,36,81.0,20.0,84.0,14.0,78.0,41.0,54.0,11.0,91,32,62,15,34,95,35,85.0,22.0,86.0,10.0,82.0,42.0,54.0,10.0,91,30,59,13,37,96,37,77.0,18.0,83.0,17.0,74.0,40.0,55.0,12.0,91,34,65,17,14,36,30,18,5,23,33,37,94.3,95.8
80,2015,States,Minnesota,44,94,98,97,80,40,11,2,40,36,44,94,35,95,36,80.0,19.0,83.0,13.0,79.0,43.0,54.0,12.0,89,32,64,17,34,94,34,82.0,20.0,82.0,10.0,81.0,46.0,51.0,13.0,84,27,60,16,36,95,37,78.0,17.0,84.0,15.0,77.0,41.0,58.0,12.0,94,36,68,18,15,36,30,17,5,23,33,37,94.1,95.3
81,2019,States,Connecticut,65,97,97,98,82,46,13,2,49,43,55,92,42,94,44,86.0,21.0,90.0,24.0,90.0,65.0,69.0,14.0,83,31,73,17,41,94,44,83.0,19.0,92.0,15.0,92.0,66.0,67.0,13.0,82,30,72,16,43,95,45,88.0,23.0,87.0,33.0,89.0,64.0,70.0,15.0,84,31,75,19,19,34,23,22,7,25,24,43,92.3,93.4
82,2018,States,Connecticut,67,97,98,97,80,47,11,2,49,43,55,93,42,94,44,87.0,22.0,69.0,16.0,90.0,67.0,66.0,12.0,87,33,73,17,41,94,43,86.0,19.0,74.0,17.0,92.0,70.0,64.0,11.0,84,29,71,16,42,95,45,87.0,25.0,61.0,14.0,88.0,64.0,69.0,13.0,89,36,76,18,18,37,24,19,7,24,24,43,92.4,93.7
83,2017,States,Connecticut,65,96,97,98,80,48,12,2,49,44,55,92,41,94,43,86.0,19.0,84.0,25.0,88.0,64.0,66.0,10.0,86,27,71,16,40,93,43,83.0,16.0,85.0,26.0,90.0,68.0,64.0,9.0,87,24,69,13,42,95,44,89.0,22.0,82.0,23.0,87.0,59.0,68.0,11.0,86,29,73,18,19,35,23,21,7,25,24,41,91.8,93.1
84,2016,States,Connecticut,65,97,98,97,79,48,13,2,49,44,55,92,41,94,43,86.0,19.0,82.0,17.0,90.0,65.0,65.0,12.0,88,31,72,17,40,94,43,84.0,18.0,77.0,8.0,93.0,70.0,62.0,10.0,88,30,71,15,41,94,43,87.0,20.0,87.0,25.0,88.0,61.0,68.0,14.0,89,32,73,19,20,34,23,21,7,25,24,42,92.4,92.4
85,2015,States,Connecticut,64,97,98,97,79,45,13,2,47,42,53,92,40,94,42,86.0,22.0,69.0,12.0,90.0,62.0,63.0,10.0,87,29,70,16,40,93,43,86.0,21.0,64.0,13.0,90.0,66.0,61.0,10.0,84,24,68,13,41,94,42,86.0,22.0,75.0,11.0,89.0,59.0,65.0,10.0,89,34,73,18,21,36,22,19,7,25,24,41,91.7,92.7
86,2019,States,Florida,53,95,97,97,73,41,12,2,41,35,47,89,32,93,34,84.0,19.0,81.0,23.0,87.0,50.0,75.0,19.0,87,31,79,25,32,92,35,83.0,16.0,77.0,23.0,90.0,54.0,73.0,18.0,86,28,78,23,32,93,33,85.0,21.0,85.0,24.0,85.0,47.0,76.0,20.0,87,33,80,27,18,33,27,20,9,27,29,33,89.0,90.5
87,2018,States,Florida,52,96,98,96,73,42,12,2,41,37,45,89,32,93,33,83.0,20.0,80.0,21.0,87.0,49.0,76.0,19.0,88,32,80,25,32,92,34,82.0,16.0,74.0,23.0,90.0,51.0,74.0,16.0,87,29,79,24,31,93,33,84.0,23.0,85.0,19.0,85.0,47.0,78.0,21.0,89,35,81,26,19,33,28,19,9,27,29,33,89.2,90.5
88,2017,States,Florida,51,95,98,96,74,43,13,2,42,38,47,89,31,92,33,83.0,18.0,80.0,20.0,86.0,50.0,77.0,19.0,86,32,80,24,31,92,34,82.0,16.0,81.0,20.0,89.0,55.0,74.0,16.0,85,30,79,22,30,93,32,84.0,21.0,78.0,20.0,84.0,47.0,80.0,21.0,87,34,81,25,19,33,28,18,9,27,30,32,89.1,90.3
89,2016,States,Florida,50,95,98,96,74,42,13,2,41,37,46,89,30,92,32,81.0,18.0,76.0,17.0,86.0,50.0,74.0,18.0,85,28,78,22,30,91,33,79.0,15.0,73.0,15.0,87.0,52.0,73.0,17.0,82,27,76,21,29,92,30,83.0,20.0,80.0,19.0,85.0,48.0,76.0,20.0,87,28,79,24,20,34,27,18,10,27,30,31,88.2,89.7
90,2015,States,Florida,51,95,97,95,76,43,13,2,41,37,46,89,29,92,31,81.0,18.0,83.0,22.0,87.0,48.0,75.0,20.0,87,30,77,22,30,91,33,80.0,15.0,78.0,20.0,88.0,52.0,73.0,18.0,84,30,76,21,28,93,30,82.0,20.0,87.0,23.0,86.0,45.0,77.0,21.0,89,30,78,24,20,34,27,18,10,28,30,30,88.3,89.8
91,2019,States,Alabama,43,93,98,96,74,39,9,2,41,35,47,88,28,89,28,85.0,19.0,78.0,18.0,87.0,55.0,51.0,10.0,86,32,61,16,28,88,28,83.0,15.0,72.0,10.0,87.0,57.0,47.0,10.0,90,35,57,16,28,89,28,86.0,21.0,85.0,26.0,87.0,54.0,56.0,11.0,82,30,65,16,22,34,27,15,10,29,30,29,87.5,89.4
92,2018,States,Alabama,44,94,98,96,73,39,10,2,40,35,45,88,28,88,28,83.0,17.0,80.0,22.0,85.0,52.0,57.0,12.0,83,25,68,20,28,87,28,81.0,13.0,72.0,18.0,86.0,57.0,55.0,10.0,82,25,65,18,28,89,28,85.0,20.0,89.0,26.0,84.0,48.0,59.0,15.0,83,25,70,21,24,35,26,14,10,29,31,29,87.3,89.1
93,2017,States,Alabama,42,95,98,97,72,39,11,2,40,33,47,88,28,88,28,83.0,16.0,77.0,14.0,87.0,47.0,56.0,9.0,86,27,64,17,28,88,29,80.0,12.0,73.0,10.0,89.0,54.0,56.0,5.0,84,28,63,12,28,89,28,85.0,20.0,82.0,19.0,85.0,42.0,56.0,14.0,87,26,66,22,23,36,26,14,10,29,31,29,87.5,88.8
94,2016,States,Alabama,43,94,98,97,71,41,10,1,41,38,44,86,26,87,27,82.0,17.0,80.0,18.0,85.0,48.0,49.0,11.0,85,29,58,13,27,86,28,78.0,13.0,81.0,19.0,87.0,53.0,46.0,9.0,87,27,56,12,26,88,26,84.0,21.0,78.0,18.0,84.0,44.0,54.0,14.0,84,31,60,14,26,35,25,13,11,29,31,28,85.7,87.7
95,2015,States,Alabama,44,94,97,96,74,39,10,2,40,36,44,86,26,87,27,81.0,16.0,79.0,19.0,86.0,51.0,45.0,8.0,83,23,57,12,26,86,27,78.0,13.0,75.0,17.0,88.0,61.0,36.0,6.0,81,21,53,10,26,87,26,83.0,18.0,82.0,20.0,83.0,42.0,58.0,10.0,84,26,62,16,25,35,26,13,11,29,30,27,86.0,87.1
96,2019,States,Arizona,40,93,97,96,70,35,12,2,36,32,40,88,31,94,36,89.0,27.0,79.0,11.0,88.0,59.0,70.0,11.0,88,29,71,13,31,94,36,88.0,23.0,78.0,9.0,92.0,65.0,69.0,10.0,87,26,70,12,31,95,36,91.0,31.0,80.0,13.0,85.0,54.0,70.0,11.0,89,32,71,14,17,28,35,19,11,22,33,32,88.2,89.4
97,2018,States,Arizona,37,94,98,95,70,36,11,2,38,34,41,89,30,94,36,88.0,25.0,78.0,10.0,88.0,56.0,67.0,10.0,86,29,71,13,31,94,36,90.0,24.0,76.0,7.0,90.0,62.0,67.0,8.0,85,27,70,12,30,94,35,87.0,25.0,79.0,12.0,86.0,52.0,68.0,13.0,88,31,71,14,17,29,34,18,11,22,33,32,88.7,89.3
98,2017,States,Arizona,39,94,97,95,71,37,12,2,37,34,41,88,30,94,35,90.0,24.0,76.0,9.0,88.0,56.0,65.0,10.0,87,27,69,13,31,93,36,90.0,23.0,74.0,7.0,91.0,63.0,63.0,9.0,87,27,67,11,30,95,35,90.0,25.0,79.0,11.0,86.0,51.0,68.0,12.0,87,28,70,14,17,28,34,19,11,23,33,31,88.0,89.6
99,2016,States,Arizona,39,94,98,95,70,38,12,2,38,34,43,89,30,93,35,89.0,23.0,78.0,10.0,86.0,54.0,59.0,8.0,88,26,68,12,31,93,36,88.0,23.0,76.0,8.0,91.0,58.0,56.0,7.0,87,25,66,11,30,94,34,90.0,23.0,79.0,12.0,83.0,51.0,62.0,9.0,88,27,70,13,18,28,34,18,11,22,33,31,88.9,89.8
100,2015,States,Arizona,37,94,97,95,71,36,12,2,38,35,41,88,29,93,33,88.0,22.0,76.0,9.0,87.0,54.0,60.0,8.0,88,28,66,11,29,93,35,87.0,22.0,77.0,9.0,88.0,59.0,59.0,7.0,86,24,65,10,28,94,32,89.0,23.0,75.0,10.0,87.0,50.0,62.0,9.0,89,31,67,12,19,29,33,17,12,23,33,30,87.7,88.6
101,2019,States,Arkansas,48,94,98,96,72,35,9,2,38,32,44,88,24,89,24,86.0,17.0,83.0,15.0,90.0,55.0,52.0,7.0,85,25,58,9,23,89,23,86.0,13.0,88.0,13.0,91.0,62.0,50.0,5.0,87,25,57,8,25,90,26,87.0,19.0,79.0,16.0,89.0,49.0,53.0,9.0,84,25,59,11,20,38,28,12,10,33,29,26,87.6,89.4
102,2018,States,Arkansas,48,93,97,96,67,34,9,1,36,33,40,88,24,89,25,84.0,15.0,87.0,15.0,88.0,44.0,56.0,8.0,87,18,60,12,24,88,24,84.0,11.0,87.0,21.0,90.0,50.0,58.0,9.0,83,18,58,11,25,90,26,84.0,17.0,88.0,9.0,87.0,39.0,54.0,6.0,90,18,62,12,20,39,27,12,10,32,30,27,87.5,89.5
103,2017,States,Arkansas,45,95,98,97,71,34,10,2,37,34,40,88,24,89,25,83.0,15.0,75.0,12.0,79.0,48.0,47.0,8.0,87,18,57,11,24,88,24,82.0,13.0,66.0,9.0,79.0,49.0,47.0,8.0,85,16,57,10,25,90,26,84.0,17.0,82.0,15.0,79.0,48.0,47.0,7.0,88,20,57,11,22,38,27,12,10,32,30,27,87.7,89.6
104,2016,States,Arkansas,51,93,97,95,70,35,9,2,37,33,42,87,23,88,24,82.0,16.0,87.0,18.0,86.0,47.0,45.0,9.0,84,19,56,9,23,87,23,80.0,11.0,86.0,21.0,90.0,56.0,43.0,6.0,83,16,54,8,24,89,24,84.0,19.0,88.0,16.0,84.0,40.0,49.0,11.0,85,21,58,11,23,39,26,11,11,32,30,26,86.7,88.7
105,2015,States,Arkansas,49,94,97,94,68,37,10,2,39,36,42,87,23,88,23,80.0,13.0,81.0,15.0,85.0,51.0,54.0,9.0,82,25,54,9,22,87,22,79.0,10.0,78.0,20.0,89.0,56.0,52.0,6.0,83,27,53,8,23,89,24,81.0,16.0,84.0,12.0,81.0,46.0,57.0,11.0,81,22,56,11,24,38,26,10,11,32,30,25,86.0,87.9
106,2019,States,California,50,96,98,97,77,46,13,2,48,44,52,86,35,95,45,90.0,27.0,78.0,16.0,88.0,54.0,61.0,11.0,89,36,66,14,35,95,45,89.0,25.0,77.0,15.0,90.0,55.0,61.0,10.0,89,34,65,13,35,95,44,91.0,28.0,79.0,18.0,87.0,53.0,62.0,12.0,89,37,67,15,24,24,30,20,14,19,28,37,86.1,86.7
107,2018,States,California,48,96,98,97,77,46,14,2,48,43,52,86,34,95,44,90.0,26.0,78.0,15.0,88.0,53.0,61.0,10.0,88,34,65,13,35,95,45,89.0,24.0,77.0,14.0,90.0,54.0,61.0,9.0,88,32,64,12,34,95,43,91.0,28.0,79.0,16.0,87.0,52.0,62.0,11.0,89,36,66,14,24,24,30,20,14,19,28,36,85.8,86.3
108,2017,States,California,49,95,98,97,76,46,14,2,48,44,52,86,34,95,43,89.0,25.0,77.0,13.0,87.0,52.0,60.0,10.0,89,34,64,13,35,94,44,88.0,23.0,78.0,12.0,89.0,53.0,60.0,9.0,89,32,64,11,34,95,42,90.0,27.0,76.0,14.0,85.0,51.0,61.0,11.0,89,36,65,14,24,25,30,20,15,19,28,36,85.8,86.6
109,2016,States,California,48,96,98,97,76,46,14,2,47,43,52,85,34,94,43,89.0,24.0,75.0,13.0,87.0,51.0,58.0,9.0,89,34,62,12,34,94,44,88.0,23.0,74.0,13.0,88.0,53.0,58.0,8.0,88,32,61,11,33,94,42,89.0,25.0,76.0,14.0,85.0,50.0,58.0,10.0,89,35,63,13,26,25,29,19,15,19,28,35,84.8,85.6
110,2015,States,California,48,96,98,97,77,46,13,2,47,43,51,84,33,94,42,89.0,24.0,72.0,14.0,87.0,50.0,58.0,9.0,87,33,61,11,33,94,43,87.0,23.0,70.0,14.0,89.0,52.0,57.0,8.0,87,31,60,10,32,94,40,90.0,25.0,75.0,14.0,85.0,49.0,59.0,10.0,88,34,62,12,26,25,30,18,16,19,29,34,84.1,85.1
111,2019,States,Colorado,52,96,98,97,72,38,11,2,40,36,43,93,44,96,49,92.0,27.0,84.0,22.0,90.0,53.0,73.0,16.0,91,38,75,18,43,96,48,94.0,28.0,81.0,20.0,91.0,54.0,71.0,14.0,90,37,74,17,45,97,49,90.0,26.0,86.0,24.0,89.0,52.0,75.0,17.0,92,40,76,20,11,28,33,25,6,19,28,45,93.0,93.7
112,2018,States,Colorado,50,95,98,97,71,38,11,2,39,35,43,93,43,96,48,89.0,28.0,83.0,19.0,90.0,56.0,68.0,13.0,89,36,73,16,42,96,47,89.0,26.0,82.0,15.0,92.0,60.0,70.0,12.0,88,33,72,15,43,96,48,89.0,31.0,84.0,22.0,87.0,53.0,66.0,14.0,90,38,73,18,13,27,33,25,7,19,28,44,92.6,93.4
113,2017,States,Colorado,49,95,98,96,73,39,10,2,40,38,43,92,42,96,47,91.0,28.0,85.0,17.0,83.0,52.0,69.0,13.0,90,36,73,16,42,96,47,90.0,27.0,81.0,13.0,86.0,57.0,71.0,12.0,89,35,72,14,43,96,47,91.0,29.0,90.0,22.0,82.0,48.0,68.0,15.0,91,38,74,17,14,28,33,24,7,19,28,44,92.4,93.4
114,2016,States,Colorado,48,95,98,96,73,37,11,2,38,34,42,92,41,96,46,89.0,24.0,81.0,18.0,86.0,50.0,69.0,12.0,91,37,71,15,41,96,46,90.0,24.0,79.0,16.0,88.0,54.0,69.0,11.0,90,35,69,14,42,96,45,87.0,24.0,84.0,19.0,85.0,48.0,68.0,12.0,91,39,72,17,13,30,31,24,7,20,29,42,92.2,93.3
115,2015,States,Colorado,51,94,97,95,74,38,12,2,39,36,42,92,41,96,45,90.0,24.0,82.0,13.0,84.0,50.0,65.0,11.0,92,34,70,14,40,96,45,90.0,22.0,83.0,14.0,88.0,54.0,65.0,11.0,90,33,68,12,41,96,45,89.0,26.0,80.0,11.0,82.0,47.0,64.0,11.0,94,35,71,15,14,28,32,23,7,20,30,42,92.0,93.1
116,2019,States,Delaware,54,94,98,96,77,43,11,2,45,37,53,90,34,93,36,90.0,24.0,83.0,11.0,94.0,65.0,59.0,13.0,90,34,62,13,33,91,35,90.0,23.0,87.0,22.0,96.0,74.0,54.0,14.0,87,32,58,8,35,94,36,90.0,25.0,80.0,3.0,92.0,58.0,65.0,12.0,94,35,66,19,16,36,27,19,8,28,26,36,89.2,92.3
117,2018,States,Delaware,47,95,97,96,81,42,9,2,44,39,49,91,33,93,34,88.0,22.0,71.0,20.0,86.0,56.0,58.0,10.0,84,27,62,16,32,93,33,87.0,17.0,67.0,26.0,87.0,64.0,53.0,9.0,89,26,59,15,34,93,35,90.0,26.0,75.0,12.0,86.0,48.0,64.0,11.0,78,29,64,17,16,40,25,18,8,31,25,34,90.8,91.6
118,2017,States,Delaware,50,94,99,98,79,45,13,2,47,41,53,91,32,93,34,90.0,22.0,71.0,17.0,93.0,66.0,61.0,10.0,91,20,63,10,32,91,34,89.0,19.0,71.0,16.0,94.0,73.0,54.0,6.0,92,20,61,8,32,94,34,91.0,25.0,72.0,17.0,91.0,60.0,70.0,16.0,89,21,66,13,17,37,25,19,7,31,26,34,89.3,92.6
119,2016,States,Delaware,50,96,98,94,78,42,10,2,44,35,52,90,32,91,33,87.0,20.0,81.0,17.0,93.0,64.0,76.0,17.0,83,27,67,16,31,90,33,84.0,19.0,74.0,24.0,93.0,69.0,74.0,11.0,73,30,64,12,32,92,34,89.0,21.0,89.0,9.0,92.0,58.0,77.0,23.0,88,26,71,19,19,36,24,19,8,31,26,33,88.6,91.5
120,2015,States,Delaware,46,95,98,94,78,43,12,3,45,40,50,89,31,92,32,87.0,22.0,79.0,25.0,92.0,68.0,59.0,12.0,95,41,59,13,31,90,32,86.0,21.0,76.0,20.0,93.0,72.0,59.0,11.0,92,41,58,9,31,93,32,88.0,24.0,83.0,30.0,92.0,64.0,60.0,14.0,97,41,60,18,20,35,27,16,9,28,28,34,88.1,91.2
121,2019,States,District of Columbia,85,97,96,97,85,42,12,3,53,45,59,98,89,99,92,86.0,28.0,74.8,19.2,95.0,80.0,69.0,33.0,94,74,80,52,89,99,92,83.0,26.0,72.0,15.8,99.0,81.0,64.0,35.0,91,64,78,53,88,99,91,88.0,29.0,77.6,23.8,92.0,79.0,74.0,32.0,96,82,83,50,22,30,23,23,5,13,15,65,98.3,98.0
122,2018,States,District of Columbia,78,98,98,95,87,48,13,3,53,51,54,97,90,99,92,88.0,28.0,78.8,22.6,93.0,85.0,65.0,31.0,94,68,77,55,90,99,92,87.0,27.0,77.6,20.8,90.0,84.0,61.0,32.0,97,62,78,55,90,99,92,88.0,29.0,80.0,25.4,96.0,86.0,68.0,31.0,92,74,75,55,20,29,20,29,5,14,14,66,98.3,97.4
123,2017,States,District of Columbia,73,95,97,94,87,49,13,3,55,47,63,97,88,99,90,86.0,26.0,77.8,20.6,95.0,81.0,49.0,24.0,91,70,67,43,87,99,89,85.0,26.0,74.6,20.0,97.0,85.0,48.0,25.0,90,57,65,38,90,99,92,87.0,26.0,82.0,22.0,93.0,79.0,50.0,23.0,92,80,69,49,18,29,19,31,7,14,14,63,97.6,98.0
124,2016,States,District of Columbia,77,97,98,95,82,46,15,3,51,48,52,97,88,99,92,86.0,25.0,80.0,23.0,96.0,85.0,56.0,24.0,96,74,67,41,88,99,91,86.0,25.0,78.2,22.0,95.0,82.0,53.0,21.0,95,68,67,39,89,99,92,86.0,25.0,82.2,25.6,97.0,87.0,61.0,27.0,96,78,68,43,18,33,24,24,7,15,14,62,97.5,97.2
125,2015,States,District of Columbia,74,95,98,96,87,53,12,3,57,54,58,98,89,99,91,84.0,26.0,81.0,23.8,93.0,77.0,57.0,28.0,89,62,71,44,88,99,90,82.0,27.0,79.6,21.0,94.0,76.0,56.0,28.0,90,66,68,41,90,99,92,85.0,24.0,82.6,27.2,92.0,78.0,58.0,29.0,88,59,75,46,24,33,20,21,7,14,14,63,98.2,98.7
126,2019,States,Mississippi,60,94,97,95,71,39,8,2,41,37,46,88,25,88,26,80.0,16.0,75.0,9.0,84.0,41.0,53.0,12.0,87,27,67,11,24,87,24,77.0,11.0,80.0,7.0,86.0,46.0,55.0,8.0,80,20,66,12,27,90,27,83.0,19.0,71.0,10.0,82.0,37.0,50.0,17.0,92,33,69,11,25,34,27,13,11,29,34,25,86.7,89.8
127,2018,States,Mississippi,49,94,97,96,74,40,10,1,41,36,47,88,26,88,27,81.0,16.0,68.0,12.0,87.0,47.0,58.0,15.0,85,31,66,16,25,86,25,78.0,11.0,64.0,11.0,92.0,54.0,56.0,11.0,79,28,65,13,28,90,28,84.0,20.0,73.0,13.0,85.0,43.0,60.0,21.0,91,34,67,21,25,33,28,12,10,28,34,26,86.4,89.7
128,2017,States,Mississippi,52,95,98,96,75,39,9,2,41,36,47,87,25,87,25,80.0,15.0,81.0,20.0,80.0,35.0,54.0,14.0,89,34,67,17,24,86,24,77.0,12.0,86.0,25.0,85.0,31.0,51.0,11.0,86,31,66,12,26,88,26,82.0,18.0,76.0,15.0,76.0,38.0,58.0,19.0,92,36,70,25,25,35,27,11,12,28,33,25,85.8,88.6
129,2016,States,Mississippi,54,95,97,96,76,38,10,1,40,35,45,87,25,87,25,79.0,15.0,74.0,13.0,84.0,43.0,56.0,10.0,79,22,64,12,24,86,24,76.0,10.0,66.0,10.0,79.0,55.0,48.0,4.0,79,18,54,9,26,89,26,81.0,19.0,81.0,15.0,87.0,36.0,67.0,17.0,79,24,77,17,27,33,26,12,12,30,33,24,85.4,89.2
130,2015,States,Mississippi,52,95,98,96,75,37,11,2,40,35,45,87,24,87,24,77.0,14.0,76.0,8.0,80.0,39.0,45.0,4.0,85,24,60,12,23,86,23,73.0,10.0,73.0,13.0,80.0,43.0,39.0,3.0,86,21,56,9,25,89,25,80.0,17.0,78.0,4.0,80.0,36.0,56.0,5.0,84,27,65,16,28,33,27,11,12,30,33,24,85.5,89.0
131,2019,States,Missouri,45,94,97,95,69,37,10,1,38,33,43,91,31,91,31,87.0,19.0,88.0,15.0,89.0,61.0,73.0,17.0,89,30,77,22,30,91,30,86.0,16.0,92.0,18.0,92.0,64.0,69.0,15.0,86,27,76,19,32,92,32,89.0,22.0,84.0,12.0,87.0,58.0,76.0,20.0,92,33,79,26,17,39,28,14,7,28,29,34,90.7,91.9
132,2018,States,Missouri,46,93,97,95,73,38,11,2,39,36,43,91,30,91,30,86.0,18.0,86.0,23.0,91.0,63.0,72.0,17.0,89,29,77,23,29,91,29,85.0,16.0,90.0,17.0,92.0,68.0,74.0,15.0,87,25,79,22,31,91,31,87.0,20.0,82.0,27.0,90.0,58.0,69.0,19.0,92,32,76,24,18,38,29,13,7,27,31,33,90.7,91.5
133,2017,States,Missouri,46,93,98,96,72,39,10,2,40,35,45,90,30,90,30,84.0,17.0,91.0,22.0,90.0,59.0,65.0,14.0,89,29,73,20,29,90,29,83.0,14.0,89.0,12.0,91.0,63.0,64.0,12.0,89,28,70,18,30,91,31,86.0,19.0,92.0,29.0,89.0,55.0,66.0,17.0,90,31,76,22,20,37,27,14,7,28,30,33,89.9,91.2
134,2016,States,Missouri,44,95,98,95,75,39,11,2,40,34,46,90,29,90,29,86.0,18.0,79.0,18.0,87.0,59.0,67.0,15.0,87,24,72,19,28,90,28,84.0,15.0,75.0,12.0,90.0,66.0,68.0,19.0,84,24,74,19,30,90,30,88.0,20.0,83.0,24.0,84.0,52.0,65.0,12.0,89,25,71,19,20,38,27,13,7,28,31,32,90.1,90.5
135,2015,States,Missouri,44,94,98,96,75,39,12,2,40,36,45,89,28,90,28,85.0,17.0,85.0,16.0,85.0,59.0,57.0,13.0,86,29,69,18,27,89,28,84.0,14.0,82.0,16.0,88.0,64.0,57.0,12.0,86,26,66,15,29,91,29,86.0,19.0,88.0,17.0,83.0,56.0,57.0,14.0,86,33,72,22,20,37,28,13,8,29,30,31,88.9,90.7
136,2019,States,Montana,35,94,96,95,66,37,12,1,37,33,40,94,34,95,34,84.0,42.0,87.0,15.0,93.0,48.0,78.0,27.0,94,39,84,26,33,94,33,81.0,30.0,86.0,11.0,95.0,51.0,90.0,33.0,92,40,87,35,35,95,35,92.0,73.0,88.0,18.0,92.0,45.0,62.0,19.0,96,38,82,19,11,36,32,20,4,26,32,36,94.1,95.5
137,2018,States,Montana,44,93,97,93,69,35,9,1,37,36,39,94,32,94,32,85.0,38.0,83.0,16.0,89.0,43.0,86.0,29.0,93,21,88,24,31,94,31,80.0,25.0,83.0,13.0,95.0,57.0,88.0,32.0,91,18,85,19,33,95,34,94.0,58.0,83.0,18.0,85.0,34.0,83.0,25.0,94,24,91,29,11,35,32,20,4,26,34,34,93.8,95.3
138,2017,States,Montana,41,94,97,93,65,33,10,1,34,33,35,93,33,94,33,89.0,17.0,85.0,15.0,86.0,42.0,55.0,17.0,94,27,72,18,32,93,32,97.0,20.0,82.0,13.0,70.0,29.0,59.0,13.0,97,23,65,10,34,94,34,78.0,13.0,87.0,18.0,92.0,48.0,51.0,22.0,92,30,79,26,13,36,31,18,5,26,32,35,93.0,94.4
139,2016,States,Montana,44,93,97,95,69,36,10,2,37,30,43,93,31,93,31,75.0,26.0,85.0,14.0,95.0,56.0,78.0,28.0,91,25,82,24,31,92,31,69.0,22.0,82.0,10.0,94.0,67.0,69.0,22.0,91,22,79,23,32,94,32,100.0,42.0,87.0,18.0,96.0,51.0,88.0,34.0,92,28,85,24,14,36,31,18,5,27,33,34,92.7,94.0
140,2015,States,Montana,42,90,97,95,70,31,11,1,33,32,35,94,31,94,32,95.0,32.0,85.0,11.0,92.0,54.0,89.0,10.0,89,26,84,15,30,93,31,97.0,32.0,86.0,12.0,93.0,49.0,96.0,2.0,89,20,83,13,32,94,32,91.0,32.0,83.0,9.0,91.0,57.0,82.0,18.0,89,31,84,17,12,38,31,18,5,29,31,33,93.5,94.8
141,2019,States,Nebraska,44,93,98,97,81,41,11,2,45,41,49,93,34,95,35,85.0,21.0,83.0,10.0,77.0,47.0,60.0,7.0,94,30,63,13,32,95,34,89.0,23.0,84.0,5.0,76.0,45.0,58.0,7.0,95,29,59,12,35,96,37,81.0,19.0,82.0,14.0,78.0,48.0,64.0,7.0,94,32,66,14,12,35,33,18,6,23,33,36,92.7,94.3
142,2018,States,Nebraska,45,94,97,97,77,41,10,2,43,39,47,92,33,94,34,89.0,21.0,82.0,17.0,75.0,42.0,63.0,11.0,81,27,65,14,32,93,33,89.0,22.0,81.0,13.0,78.0,46.0,62.0,10.0,78,26,63,12,34,95,35,88.0,21.0,84.0,20.0,73.0,39.0,65.0,12.0,84,28,68,15,14,35,33,17,7,23,33,35,91.8,93.9
143,2017,States,Nebraska,46,95,98,98,76,43,11,2,44,40,49,92,32,95,34,85.0,18.0,81.0,9.0,77.0,50.0,52.0,7.0,88,25,58,10,31,95,32,85.0,17.0,74.0,6.0,84.0,53.0,55.0,5.0,85,25,56,10,33,95,35,85.0,18.0,88.0,12.0,71.0,47.0,48.0,10.0,91,26,60,11,15,35,33,16,7,24,33,34,92.1,93.2
144,2016,States,Nebraska,42,94,98,97,79,42,11,2,44,41,49,92,32,94,33,86.0,23.0,82.0,15.0,73.0,42.0,49.0,7.0,86,31,55,10,30,94,31,87.0,20.0,80.0,14.0,74.0,45.0,50.0,7.0,87,27,52,10,34,95,35,85.0,25.0,83.0,15.0,73.0,39.0,48.0,7.0,85,34,59,11,14,36,32,16,7,24,33,34,91.1,93.4
145,2015,States,Nebraska,41,95,98,97,79,40,12,2,42,37,47,92,30,94,32,87.0,22.0,82.0,6.0,79.0,50.0,63.0,8.0,82,22,56,10,29,94,31,87.0,20.0,74.0,3.0,82.0,61.0,59.0,6.0,78,21,54,8,31,95,33,87.0,23.0,87.0,8.0,75.0,41.0,67.0,10.0,87,23,58,11,14,36,34,15,7,25,34,33,91.4,92.6
146,2019,States,Nevada,39,93,97,96,60,29,11,2,30,25,34,89,26,94,30,90.0,18.0,75.0,14.0,90.0,42.0,62.0,8.0,89,24,67,10,26,93,30,90.0,14.0,78.0,16.0,91.0,42.0,62.0,7.0,86,22,67,9,27,94,31,90.0,21.0,73.0,12.0,90.0,43.0,62.0,10.0,91,27,66,11,16,31,33,19,12,27,33,27,89.3,89.0
147,2018,States,Nevada,37,94,97,95,63,29,10,2,29,26,33,89,26,94,29,88.0,16.0,77.0,11.0,90.0,38.0,62.0,9.0,90,26,67,11,27,94,30,88.0,17.0,76.0,12.0,92.0,37.0,62.0,8.0,90,24,67,11,26,94,29,88.0,16.0,78.0,10.0,88.0,38.0,63.0,10.0,89,27,68,12,16,30,34,18,12,27,34,26,89.6,90.1
148,2017,States,Nevada,37,94,98,97,61,30,11,2,30,27,33,89,26,94,29,89.0,18.0,82.0,9.0,91.0,40.0,60.0,7.0,90,24,66,10,26,94,30,89.0,15.0,78.0,7.0,92.0,41.0,58.0,7.0,91,20,64,9,26,93,29,88.0,21.0,85.0,11.0,90.0,39.0,62.0,8.0,90,27,67,10,17,33,33,16,12,27,33,26,89.2,89.6
149,2016,States,Nevada,39,93,97,96,61,32,11,2,31,26,36,87,24,93,27,90.0,18.0,87.0,10.0,90.0,37.0,58.0,7.0,89,22,63,9,24,93,27,90.0,16.0,87.0,10.0,90.0,37.0,57.0,6.0,88,19,63,8,24,93,27,90.0,20.0,86.0,10.0,90.0,37.0,59.0,8.0,90,25,63,11,17,33,34,15,13,28,33,25,87.6,88.0
150,2015,States,Nevada,34,94,98,97,64,32,11,3,32,27,36,87,24,93,28,88.0,16.0,81.0,8.0,90.0,36.0,59.0,6.0,89,22,63,8,25,92,29,86.0,14.0,76.0,6.0,92.0,36.0,60.0,5.0,89,20,62,7,24,93,27,89.0,19.0,85.0,10.0,88.0,36.0,59.0,8.0,89,25,63,9,19,30,34,16,13,27,34,25,87.1,87.6
151,2019,States,New Hampshire,58,94,98,97,79,40,8,2,44,37,51,93,37,93,37,85.0,36.0,82.0,19.8,91.0,64.0,86.0,18.0,88,32,78,25,35,92,35,89.0,37.0,81.4,18.0,94.0,67.0,89.0,22.0,96,33,75,24,38,95,39,81.0,36.0,82.4,21.8,88.0,62.0,81.0,11.0,82,30,81,25,13,37,28,20,5,25,27,41,92.1,95.0
152,2018,States,New Hampshire,57,95,98,98,75,40,9,2,43,41,45,93,36,93,37,82.0,22.0,85.0,19.0,91.0,60.0,75.0,16.0,87,32,77,21,35,93,36,83.0,24.0,89.0,6.0,92.0,64.0,83.0,13.0,90,31,77,22,37,94,37,80.0,18.0,82.0,32.0,90.0,57.0,64.0,20.0,83,33,77,20,15,36,26,21,5,25,29,40,92.6,94.5
153,2017,States,New Hampshire,45,93,98,97,79,41,10,2,46,40,51,93,36,93,36,86.0,26.0,84.0,15.6,86.0,60.0,95.0,29.0,92,31,82,24,35,93,35,90.0,20.0,83.4,15.8,85.0,61.0,97.0,22.0,90,32,79,23,38,94,38,79.0,35.0,84.6,16.6,86.0,59.0,90.0,41.0,95,30,86,26,14,37,28,19,5,25,28,40,92.6,94.0
154,2016,States,New Hampshire,48,95,99,96,82,42,11,2,45,41,49,93,36,93,36,88.0,29.0,73.0,14.6,90.0,54.0,81.0,37.0,89,32,76,29,35,92,35,91.0,28.0,70.0,15.4,88.0,56.0,88.0,50.0,87,34,70,29,37,94,37,84.0,30.0,76.0,15.0,91.0,53.0,73.0,21.0,91,31,82,28,16,33,28,20,5,25,29,40,91.4,94.6
155,2015,States,New Hampshire,54,94,97,97,82,41,11,2,44,40,49,93,35,93,35,89.0,20.0,94.0,8.0,89.0,67.0,91.0,31.0,88,23,79,26,35,92,35,86.0,24.0,100.0,0.0,92.0,70.0,92.0,23.0,86,25,72,19,35,94,35,92.0,15.0,88.0,18.0,86.0,65.0,90.0,38.0,90,21,85,31,14,36,29,19,5,26,29,39,92.3,94.3
156,2019,States,New Jersey,67,97,98,97,81,46,10,2,48,44,52,92,42,94,45,88.0,25.0,75.0,28.0,92.0,71.0,69.0,15.0,89,39,75,21,42,94,46,87.0,22.0,75.0,23.0,94.0,73.0,68.0,12.0,88,37,74,18,42,95,45,89.0,27.0,75.0,36.0,91.0,69.0,70.0,18.0,90,41,76,23,18,36,22,22,8,25,22,44,91.5,92.4
157,2018,States,New Jersey,64,96,98,97,80,45,10,2,46,42,50,91,41,94,45,88.0,25.0,81.0,20.0,92.0,71.0,72.0,14.0,87,41,75,20,41,94,45,87.0,22.0,80.0,16.0,94.0,74.0,71.0,13.0,87,38,74,19,41,94,44,88.0,28.0,81.0,26.0,91.0,68.0,72.0,14.0,87,43,76,22,19,36,22,21,8,24,23,44,91.3,92.3
158,2017,States,New Jersey,64,95,97,97,79,45,11,2,46,43,49,91,40,94,43,87.0,24.0,82.0,31.0,92.0,70.0,72.0,14.0,88,38,75,19,40,94,44,86.0,22.0,73.0,29.0,93.0,73.0,70.0,12.0,88,36,74,17,40,94,43,88.0,26.0,92.0,33.0,90.0,67.0,74.0,16.0,89,40,76,21,20,36,22,20,8,25,23,43,91.3,91.6
159,2016,States,New Jersey,63,96,98,97,81,45,11,2,46,42,49,90,39,93,43,88.0,23.0,73.0,19.0,93.0,68.0,69.0,11.0,86,35,72,17,39,93,43,87.0,20.0,69.0,21.0,95.0,72.0,67.0,9.0,85,34,71,14,39,94,42,89.0,25.0,77.0,16.0,91.0,66.0,70.0,14.0,87,37,74,19,20,37,21,20,8,25,23,42,90.2,91.0
160,2015,States,New Jersey,64,97,98,97,80,46,10,2,46,42,49,90,38,93,41,87.0,21.0,72.0,21.0,92.0,67.0,69.0,14.0,84,32,72,17,39,93,42,87.0,19.0,76.0,25.0,94.0,70.0,66.0,11.0,84,32,70,15,38,93,40,88.0,23.0,68.0,17.0,90.0,65.0,72.0,16.0,84,32,74,20,21,37,21,20,9,26,23,40,90.1,91.2
161,2019,States,New Mexico,46,95,97,94,62,31,12,3,32,27,37,87,30,94,41,87.0,28.0,81.0,11.0,89.0,49.0,74.0,12.0,91,26,78,16,29,93,39,87.0,23.0,82.0,8.0,85.0,57.0,71.0,11.0,92,22,77,14,32,95,42,86.0,33.0,81.0,14.0,91.0,45.0,76.0,13.0,90,30,78,18,22,31,29,16,11,25,32,31,87.2,87.7
162,2018,States,New Mexico,46,94,97,94,65,36,11,2,35,31,40,87,30,95,42,89.0,20.0,76.0,10.0,87.0,55.0,73.0,12.0,87,28,76,15,29,94,41,89.0,17.0,77.0,8.0,91.0,66.0,71.0,9.0,82,26,74,14,31,96,42,88.0,24.0,76.0,13.0,84.0,45.0,75.0,14.0,92,30,78,17,23,28,28,19,11,25,32,30,85.7,88.6
163,2017,States,New Mexico,43,96,98,95,65,31,14,3,32,28,37,87,29,94,39,88.0,22.0,81.0,10.0,91.0,60.0,72.0,16.0,91,31,77,16,28,94,38,89.0,22.0,79.0,8.0,94.0,66.0,70.0,15.0,90,28,76,14,30,95,41,86.0,22.0,83.0,11.0,90.0,56.0,74.0,16.0,92,34,78,17,22,30,30,15,11,25,32,30,87.0,88.1
164,2016,States,New Mexico,41,94,97,95,71,36,14,3,37,35,38,87,30,94,40,92.0,28.0,80.0,11.0,90.0,50.0,71.0,11.0,91,32,75,15,29,94,39,92.0,28.0,79.0,10.0,89.0,55.0,69.0,10.0,91,30,74,14,30,95,40,92.0,28.0,81.0,12.0,91.0,45.0,74.0,12.0,91,34,77,16,22,30,28,17,12,25,32,30,86.7,87.6
165,2015,States,New Mexico,46,95,98,95,67,37,13,3,36,29,43,86,29,94,39,90.0,31.0,78.0,9.0,84.0,44.0,71.0,11.0,87,29,75,14,28,93,38,87.0,24.0,78.0,7.0,87.0,43.0,70.0,10.0,84,26,73,12,30,95,40,94.0,41.0,79.0,12.0,82.0,44.0,72.0,13.0,91,31,76,16,24,30,27,17,12,25,32,29,85.8,87.6
166,2019,States,New York,59,96,98,96,81,44,10,2,48,44,52,91,42,93,44,85.0,24.0,76.0,18.0,80.0,47.0,68.0,16.0,84,35,72,21,41,93,43,84.0,20.0,77.0,17.0,81.0,47.0,67.0,14.0,84,33,72,19,43,94,45,85.0,27.0,74.0,19.0,79.0,48.0,68.0,18.0,84,37,72,22,23,32,23,20,10,24,24,41,91.3,92.2
167,2018,States,New York,60,96,97,97,82,46,10,2,49,46,52,91,41,93,43,83.0,24.0,77.0,17.0,79.0,48.0,66.0,15.0,82,36,71,20,40,93,42,83.0,21.0,76.0,14.0,81.0,49.0,66.0,13.0,79,33,70,17,42,94,44,84.0,27.0,77.0,21.0,78.0,47.0,66.0,17.0,85,39,71,22,24,32,23,20,10,24,24,40,91.0,92.0
168,2017,States,New York,58,97,98,97,81,45,11,2,48,44,52,91,40,93,42,83.0,23.0,72.0,16.0,78.0,45.0,65.0,14.0,83,33,69,18,39,92,42,81.0,20.0,72.0,15.0,80.0,45.0,65.0,12.0,83,31,69,16,41,94,43,84.0,26.0,73.0,17.0,76.0,44.0,65.0,16.0,84,36,70,20,25,32,23,19,11,24,24,39,90.5,91.8
169,2016,States,New York,58,97,98,96,82,45,11,2,48,45,52,90,39,93,42,83.0,23.0,73.0,16.0,78.0,46.0,65.0,13.0,80,34,68,18,39,92,41,82.0,20.0,68.0,15.0,80.0,46.0,64.0,12.0,79,31,67,16,40,93,42,84.0,26.0,77.0,17.0,77.0,45.0,65.0,14.0,81,37,69,19,25,32,23,18,11,24,24,39,90.2,91.2
170,2015,States,New York,57,96,98,97,80,46,12,2,48,44,52,90,38,92,41,83.0,23.0,71.0,19.0,78.0,46.0,63.0,13.0,79,33,67,17,38,92,40,82.0,20.0,70.0,19.0,79.0,47.0,62.0,12.0,78,28,67,15,39,93,41,84.0,25.0,72.0,20.0,77.0,46.0,64.0,15.0,80,36,68,19,25,33,22,18,11,25,24,38,90.2,90.9
171,2019,States,North Carolina,45,94,98,96,74,37,11,2,40,35,46,90,35,92,36,86.0,22.0,77.0,14.0,87.0,58.0,53.0,11.0,89,33,62,17,34,91,35,84.0,18.0,73.0,12.0,90.0,63.0,51.0,9.0,88,29,59,14,35,93,36,88.0,25.0,80.0,17.0,84.0,54.0,55.0,13.0,90,37,66,19,19,32,30,17,9,24,30,35,89.3,92.0
172,2018,States,North Carolina,45,94,98,96,71,38,10,2,40,35,45,90,34,91,35,86.0,21.0,75.0,15.0,86.0,59.0,56.0,12.0,88,31,62,15,33,90,35,84.0,17.0,72.0,13.0,89.0,63.0,53.0,11.0,86,29,58,14,35,92,36,88.0,25.0,77.0,16.0,84.0,56.0,59.0,13.0,91,33,66,17,21,31,29,16,9,23,31,35,88.4,91.6
173,2017,States,North Carolina,40,94,98,96,73,38,10,2,39,34,45,89,34,91,35,85.0,21.0,76.0,14.0,86.0,59.0,57.0,9.0,88,33,60,15,33,90,34,83.0,17.0,74.0,10.0,88.0,63.0,53.0,9.0,85,28,57,13,34,92,35,86.0,24.0,78.0,17.0,84.0,56.0,60.0,10.0,91,36,62,17,22,33,29,16,9,24,31,34,88.0,91.1
174,2016,States,North Carolina,42,94,97,96,72,37,12,2,39,34,44,89,33,91,34,84.0,20.0,75.0,13.0,87.0,57.0,53.0,9.0,88,29,59,14,32,89,33,82.0,16.0,71.0,11.0,89.0,61.0,52.0,7.0,86,28,56,13,33,92,34,86.0,23.0,79.0,16.0,84.0,53.0,55.0,12.0,90,31,62,16,22,31,29,15,10,24,31,34,87.8,90.6
175,2015,States,North Carolina,42,94,98,96,73,38,11,2,39,34,44,88,32,90,33,84.0,19.0,74.0,12.0,85.0,55.0,50.0,10.0,86,30,56,13,31,89,32,82.0,16.0,67.0,8.0,87.0,58.0,45.0,8.0,84,28,51,11,32,91,33,86.0,22.0,80.0,15.0,83.0,52.0,56.0,12.0,88,32,62,15,24,32,28,14,10,24,31,33,87.2,89.8
176,2019,States,North Dakota,28,89,98,96,81,44,9,1,47,46,47,94,31,94,31,93.0,21.0,84.0,17.0,80.0,40.0,85.0,3.0,92,16,84,17,28,93,28,94.0,18.0,81.0,8.0,78.0,36.0,74.0,3.0,99,16,82,15,35,95,35,91.0,25.0,87.0,23.0,83.0,45.0,94.0,3.0,84,17,85,18,13,34,35,17,4,25,36,33,93.5,95.0
177,2018,States,North Dakota,37,94,96,96,80,42,9,2,46,46,47,93,30,93,30,78.0,21.0,86.0,13.0,78.0,46.0,77.0,23.0,90,30,83,17,26,93,26,90.0,25.0,84.0,10.0,81.0,53.0,72.0,32.0,95,33,81,20,34,94,34,62.0,14.0,87.0,16.0,76.0,42.0,83.0,12.0,85,27,87,13,16,32,33,16,5,24,37,32,92.8,94.2
178,2017,States,North Dakota,29,90,96,96,80,37,9,1,42,39,47,93,31,93,31,89.0,25.0,86.0,17.0,89.0,68.0,71.0,11.0,93,32,79,12,28,93,28,94.0,27.0,86.0,12.0,90.0,77.0,61.0,7.0,90,21,78,7,34,94,34,80.0,22.0,86.0,22.0,89.0,61.0,80.0,15.0,96,45,81,19,14,35,33,16,5,24,36,33,93.4,94.0
179,2016,States,North Dakota,28,92,98,94,74,36,10,2,40,37,43,93,30,93,31,90.0,9.0,79.0,16.0,79.0,46.0,52.0,12.0,96,22,75,15,28,92,28,92.0,7.0,76.0,9.0,81.0,51.0,50.0,13.0,97,20,75,17,33,94,33,87.0,13.0,81.0,24.0,78.0,43.0,55.0,11.0,95,25,76,11,17,34,31,16,5,25,36,32,92.3,94.6
180,2015,States,North Dakota,36,89,97,97,74,39,9,1,43,39,46,93,29,93,29,88.0,34.0,84.0,15.0,81.0,36.0,72.0,11.0,95,22,82,23,27,92,27,87.0,34.0,79.0,9.0,78.0,43.0,68.0,1.0,94,15,79,14,32,93,32,90.0,35.0,88.0,21.0,82.0,30.0,77.0,23.0,95,37,86,36,17,34,31,17,5,26,36,31,92.6,93.8
181,2019,States,Ohio,47,94,97,95,73,39,10,2,40,36,45,91,30,92,30,86.0,17.0,79.0,17.0,86.0,62.0,70.0,16.0,88,25,76,20,29,91,29,85.0,15.0,74.0,13.0,89.0,68.0,67.0,13.0,87,23,72,17,30,92,31,88.0,19.0,85.0,23.0,84.0,57.0,73.0,18.0,89,26,79,23,17,41,26,14,7,30,29,33,91.2,92.3
182,2018,States,Ohio,43,93,97,96,74,39,10,2,40,36,45,91,29,92,30,85.0,17.0,78.0,16.0,87.0,59.0,73.0,16.0,90,26,76,19,29,91,29,85.0,16.0,77.0,15.0,90.0,64.0,69.0,15.0,87,24,73,17,30,92,30,86.0,18.0,79.0,17.0,85.0,55.0,76.0,17.0,92,28,79,21,18,40,27,14,7,30,29,32,91.1,92.2
183,2017,States,Ohio,45,94,98,96,75,39,11,2,40,37,44,91,28,91,29,85.0,16.0,78.0,15.0,88.0,62.0,72.0,15.0,88,24,76,18,28,91,28,84.0,15.0,76.0,14.0,90.0,69.0,70.0,13.0,88,23,74,15,29,91,29,86.0,18.0,81.0,15.0,86.0,56.0,76.0,18.0,88,25,79,21,19,41,26,13,7,31,29,31,90.7,91.6
184,2016,States,Ohio,44,93,97,96,76,40,11,2,41,37,45,90,28,91,28,85.0,16.0,82.0,22.0,87.0,59.0,69.0,12.0,88,23,74,19,28,90,28,83.0,14.0,80.0,15.0,89.0,63.0,65.0,12.0,87,23,72,17,28,91,28,86.0,17.0,84.0,31.0,86.0,55.0,74.0,13.0,88,24,77,22,20,41,25,12,7,31,30,31,90.4,91.4
185,2015,States,Ohio,44,94,98,96,76,40,11,2,40,37,44,90,27,90,27,84.0,16.0,78.0,12.0,86.0,60.0,71.0,13.0,86,23,76,17,27,90,27,84.0,14.0,77.0,13.0,88.0,65.0,74.0,10.0,85,22,76,15,27,91,27,85.0,17.0,80.0,12.0,84.0,55.0,68.0,15.0,86,24,76,18,20,41,25,12,7,31,30,30,90.2,91.0
186,2019,States,Oklahoma,43,96,98,97,67,36,9,2,37,32,42,89,27,91,29,89.0,19.0,86.0,17.0,81.0,43.0,55.0,8.0,89,23,63,12,27,91,28,88.0,17.0,85.0,15.0,84.0,47.0,54.0,7.0,87,19,60,11,28,91,29,90.0,21.0,87.0,19.0,79.0,40.0,56.0,9.0,90,26,66,12,17,36,30,15,9,30,30,29,89.1,90.0
187,2018,States,Oklahoma,42,95,97,96,70,36,11,2,36,32,40,89,27,91,28,89.0,19.0,86.0,15.0,83.0,48.0,57.0,8.0,89,25,64,11,26,90,27,88.0,16.0,84.0,12.0,84.0,51.0,55.0,6.0,88,22,61,10,27,91,28,91.0,21.0,88.0,18.0,82.0,47.0,59.0,10.0,90,27,68,12,17,36,31,15,9,29,31,29,88.7,90.3
188,2017,States,Oklahoma,44,96,98,96,71,37,10,2,37,32,42,89,27,90,28,89.0,19.0,86.0,16.0,80.0,41.0,55.0,8.0,89,23,63,11,26,90,27,88.0,18.0,84.0,13.0,82.0,45.0,53.0,6.0,86,21,59,9,28,91,28,90.0,20.0,87.0,18.0,78.0,37.0,59.0,11.0,91,25,68,14,18,35,31,14,9,29,31,29,88.3,90.0
189,2016,States,Oklahoma,41,96,98,95,67,37,10,2,36,31,41,89,26,90,27,88.0,19.0,85.0,17.0,84.0,43.0,55.0,7.0,86,22,61,11,26,90,27,87.0,17.0,83.0,15.0,86.0,46.0,51.0,5.0,87,19,58,10,27,91,27,88.0,20.0,86.0,19.0,83.0,41.0,59.0,8.0,86,25,64,12,19,36,30,14,9,29,31,28,88.5,89.7
190,2015,States,Oklahoma,45,96,98,96,72,36,11,2,36,31,41,88,26,90,27,88.0,18.0,85.0,16.0,83.0,40.0,52.0,8.0,88,21,58,11,26,90,27,87.0,16.0,83.0,14.0,85.0,41.0,53.0,7.0,88,20,56,10,26,90,26,89.0,20.0,86.0,18.0,81.0,40.0,52.0,9.0,89,23,61,12,19,36,29,14,10,30,31,27,87.9,88.9
191,2019,States,Oregon,43,94,97,97,71,36,11,2,38,33,42,92,34,94,36,90.0,30.0,85.0,20.0,88.0,54.0,62.0,12.0,91,32,68,16,33,93,35,89.0,31.0,82.0,18.0,91.0,57.0,60.0,9.0,88,29,66,13,35,95,36,91.0,29.0,89.0,21.0,85.0,51.0,65.0,15.0,94,36,71,18,13,29,36,20,7,21,33,37,91.6,93.5
192,2018,States,Oregon,47,94,98,97,71,37,11,2,38,34,43,91,34,94,35,88.0,26.0,85.0,16.0,87.0,50.0,58.0,9.0,88,29,64,16,33,93,35,89.0,26.0,82.0,14.0,88.0,52.0,58.0,7.0,87,24,61,14,35,95,36,86.0,25.0,89.0,19.0,86.0,49.0,58.0,10.0,90,33,67,18,14,29,35,20,8,20,34,37,90.5,93.1
193,2017,States,Oregon,46,92,98,97,74,37,10,2,38,33,44,92,33,94,35,88.0,28.0,81.0,10.0,87.0,53.0,63.0,15.0,88,26,68,16,33,93,35,89.0,25.0,79.0,7.0,90.0,56.0,60.0,12.0,84,23,65,14,34,94,35,87.0,32.0,82.0,13.0,85.0,51.0,67.0,17.0,91,29,71,19,14,29,37,19,7,21,33,37,91.3,92.9
194,2016,States,Oregon,45,94,98,96,72,38,12,2,39,35,44,91,33,93,34,86.0,21.0,83.0,14.0,85.0,50.0,58.0,11.0,87,26,62,13,32,93,34,86.0,23.0,84.0,16.0,88.0,52.0,58.0,9.0,85,21,62,12,33,94,34,87.0,19.0,83.0,12.0,83.0,49.0,57.0,14.0,89,30,63,15,15,29,36,18,8,21,34,36,91.0,92.3
195,2015,States,Oregon,45,93,97,96,73,36,12,2,37,33,41,91,32,93,33,87.0,28.0,84.0,14.0,86.0,49.0,52.0,10.0,88,27,61,15,32,93,33,92.0,31.0,83.0,14.0,89.0,52.0,52.0,9.0,88,25,60,14,32,93,33,82.0,25.0,86.0,13.0,84.0,46.0,53.0,10.0,89,29,63,15,15,31,36,17,8,21,34,36,90.7,91.8
196,2019,States,Pennsylvania,45,94,97,96,80,41,9,1,44,40,48,92,33,93,33,87.0,20.0,77.0,20.0,84.0,57.0,63.0,10.0,88,30,72,16,32,92,33,86.0,18.0,75.0,18.0,86.0,61.0,61.0,9.0,88,28,70,15,34,93,34,88.0,21.0,79.0,22.0,83.0,53.0,65.0,11.0,89,31,75,18,17,43,23,15,6,32,24,36,92.0,92.9
197,2018,States,Pennsylvania,47,94,98,94,77,41,9,1,43,39,48,92,32,93,33,87.0,19.0,87.0,19.0,83.0,56.0,68.0,13.0,89,28,72,17,32,92,33,87.0,17.0,87.0,16.0,85.0,60.0,65.0,11.0,89,26,70,16,33,93,33,87.0,21.0,88.0,24.0,81.0,54.0,70.0,14.0,89,29,74,19,17,43,23,15,6,32,24,35,91.8,92.8
198,2017,States,Pennsylvania,47,94,98,95,77,41,10,1,44,39,48,91,32,92,33,87.0,19.0,82.0,20.0,83.0,55.0,70.0,12.0,86,29,73,16,32,92,32,85.0,17.0,83.0,18.0,86.0,59.0,65.0,9.0,85,26,70,13,32,92,33,88.0,21.0,81.0,21.0,81.0,52.0,75.0,15.0,87,32,76,18,18,43,22,15,7,32,24,35,91.2,92.2
199,2016,States,Pennsylvania,48,94,97,96,78,42,10,1,44,40,49,91,31,92,32,85.0,19.0,67.0,13.0,83.0,55.0,66.0,9.0,88,29,70,15,31,91,32,84.0,17.0,66.0,13.0,84.0,60.0,62.0,8.0,87,25,68,13,31,92,32,86.0,21.0,69.0,13.0,81.0,51.0,70.0,10.0,88,32,72,17,19,43,21,14,7,32,24,34,90.9,92.0
200,2015,States,Pennsylvania,46,94,97,96,79,41,10,1,44,40,48,91,30,91,31,84.0,17.0,69.0,14.0,83.0,53.0,66.0,10.0,85,29,69,15,30,91,31,83.0,14.0,66.0,10.0,85.0,57.0,64.0,8.0,84,28,68,12,30,92,30,85.0,19.0,71.0,18.0,81.0,50.0,68.0,13.0,86,29,71,17,20,44,21,14,7,33,25,33,90.6,91.5
201,2019,States,Rhode Island,49,95,98,97,86,53,10,2,58,51,64,90,36,92,38,91.0,23.0,78.6,11.8,87.0,52.0,66.0,10.0,81,30,70,14,35,92,37,91.0,22.0,77.8,10.6,91.0,62.0,65.0,9.0,80,31,69,14,37,92,39,90.0,24.0,79.4,12.6,84.0,43.0,66.0,11.0,83,29,72,14,20,37,24,17,8,26,26,38,90.3,91.3
202,2018,States,Rhode Island,39,93,99,96,89,40,11,1,49,44,55,90,35,91,37,85.0,20.0,68.0,31.0,87.0,50.0,67.0,14.0,84,28,75,15,35,91,37,87.0,21.0,35.0,18.0,86.0,49.0,63.0,13.0,82,25,71,14,35,92,37,83.0,19.0,78.0,34.0,88.0,50.0,72.0,16.0,87,33,78,17,21,38,23,16,8,26,27,38,90.3,91.3
203,2017,States,Rhode Island,45,93,97,96,81,55,12,2,57,50,63,89,34,90,36,81.0,21.0,71.0,25.0,86.0,57.0,71.0,8.0,89,27,77,13,33,90,35,80.0,24.0,71.0,34.0,88.0,58.0,69.0,9.0,91,24,77,12,35,90,37,82.0,18.0,71.0,17.0,84.0,56.0,72.0,7.0,87,29,77,13,23,34,23,17,8,29,25,37,89.5,89.7
204,2016,States,Rhode Island,50,93,98,98,87,49,15,2,54,46,61,90,35,91,37,85.0,20.0,76.0,15.2,90.0,50.0,65.0,12.0,83,27,72,13,35,91,36,85.0,21.0,68.8,11.6,93.0,49.0,64.0,12.0,87,32,69,13,36,91,38,84.0,20.0,78.8,17.0,88.0,50.0,66.0,12.0,79,22,74,13,24,36,24,14,8,25,27,38,89.9,90.3
205,2015,States,Rhode Island,44,92,98,96,84,50,13,2,56,52,60,89,34,90,35,83.0,19.0,73.0,22.0,87.0,55.0,59.0,7.0,85,31,70,13,34,90,35,84.0,17.0,69.0,38.0,86.0,55.0,58.0,6.0,86,29,68,12,34,90,35,81.0,20.0,78.0,0.0,87.0,54.0,60.0,8.0,83,33,72,14,22,35,25,16,9,26,27,36,89.4,90.1
206,2019,States,South Carolina,43,95,97,95,68,33,9,2,36,31,42,90,34,91,34,83.0,17.0,77.0,18.0,87.0,51.0,53.0,12.0,89,29,65,18,33,90,34,81.0,14.0,73.0,17.0,88.0,56.0,50.0,12.0,87,25,60,15,34,92,34,85.0,20.0,82.0,21.0,87.0,47.0,57.0,12.0,91,33,71,20,21,32,28,17,9,27,30,32,89.6,92.0
207,2018,States,South Carolina,44,95,98,96,68,38,9,2,39,34,43,90,32,91,33,83.0,15.0,70.0,7.0,91.0,52.0,66.0,13.0,86,28,69,17,32,90,33,81.0,12.0,70.0,6.0,91.0,52.0,64.0,14.0,84,25,67,14,32,92,33,85.0,17.0,71.0,8.0,91.0,51.0,67.0,13.0,89,30,72,20,21,35,27,15,8,28,30,31,89.7,91.4
208,2017,States,South Carolina,46,95,98,96,70,37,9,2,39,36,43,89,32,90,33,81.0,14.0,76.0,11.0,86.0,50.0,60.0,11.0,88,27,67,15,32,90,33,78.0,11.0,73.0,12.0,87.0,54.0,59.0,8.0,85,27,64,12,32,91,33,84.0,17.0,78.0,10.0,85.0,46.0,60.0,15.0,90,26,71,19,23,34,27,15,9,28,30,31,88.9,90.9
209,2016,States,South Carolina,49,95,98,96,70,36,11,2,38,33,43,89,31,90,32,81.0,15.0,81.0,14.0,87.0,44.0,60.0,14.0,83,21,60,14,31,89,32,78.0,12.0,77.0,18.0,91.0,47.0,57.0,8.0,79,20,56,11,31,90,32,83.0,18.0,84.0,11.0,84.0,41.0,63.0,20.0,86,22,65,17,24,33,27,15,10,27,31,30,87.9,90.0
210,2015,States,South Carolina,45,95,98,97,71,38,11,2,39,34,44,88,31,89,31,81.0,14.0,77.0,15.0,82.0,48.0,57.0,12.0,85,25,63,15,31,89,32,79.0,11.0,78.0,16.0,85.0,56.0,50.0,8.0,84,25,58,12,30,90,30,82.0,17.0,76.0,14.0,80.0,41.0,66.0,16.0,85,26,69,19,25,34,26,13,10,28,31,30,87.7,90.0
211,2019,States,South Dakota,43,92,97,94,77,33,8,1,36,30,41,93,31,94,31,77.0,18.0,80.0,8.0,81.0,42.0,71.0,34.0,88,24,80,25,30,93,30,80.0,17.0,78.0,8.0,89.0,49.0,63.0,27.0,80,23,79,27,32,95,33,71.0,20.0,81.0,8.0,75.0,38.0,79.0,42.0,98,24,82,23,15,35,31,16,5,28,32,33,93.0,94.9
212,2018,States,South Dakota,44,96,98,97,75,35,8,1,38,35,40,94,30,94,31,76.0,12.0,78.0,9.0,79.0,42.0,56.0,15.0,90,33,66,14,29,94,29,81.0,15.0,81.0,8.0,83.0,44.0,57.0,22.0,90,26,65,16,32,95,32,68.0,6.0,75.0,10.0,74.0,41.0,55.0,6.0,90,42,67,11,11,39,29,19,6,29,32,31,93.7,94.5
213,2017,States,South Dakota,39,94,97,96,75,39,8,1,39,38,41,93,29,93,30,92.0,13.0,69.0,9.0,91.0,45.0,63.0,21.0,92,18,74,17,29,93,29,92.0,12.0,67.0,7.0,88.0,52.0,55.0,10.0,94,18,74,15,30,94,30,94.0,16.0,71.0,10.0,93.0,39.0,92.0,64.0,91,18,75,21,15,36,30,17,6,29,33,30,93.2,93.8
214,2016,States,South Dakota,37,92,97,97,74,43,10,1,42,39,45,93,30,93,30,71.0,16.0,76.0,10.0,72.0,41.0,43.0,6.0,84,13,66,16,28,92,28,81.0,18.0,75.0,7.0,77.0,49.0,51.0,7.0,82,10,64,17,33,94,33,53.0,13.0,76.0,13.0,68.0,35.0,27.0,4.0,86,16,68,16,18,34,31,15,6,27,33,31,92.1,94.6
215,2015,States,South Dakota,35,93,97,94,76,33,9,2,39,35,44,93,29,93,29,67.0,16.0,79.0,9.0,64.0,34.0,59.0,9.0,83,26,70,18,27,92,27,69.0,16.0,80.0,7.0,51.0,24.0,44.0,15.0,85,25,67,19,30,94,30,63.0,15.0,78.0,10.0,72.0,39.0,71.0,5.0,79,27,75,18,14,39,30,16,7,29,33,30,92.2,94.0
216,2019,States,Tennessee,40,94,98,97,72,33,9,1,36,31,41,88,29,89,30,87.0,21.0,78.0,15.0,85.0,52.0,56.0,16.0,88,31,63,18,28,88,29,85.0,17.0,82.0,14.0,86.0,54.0,56.0,14.0,89,29,60,16,30,90,30,88.0,25.0,73.0,16.0,85.0,50.0,57.0,18.0,87,33,66,20,22,37,25,13,8,29,28,33,87.6,89.7
217,2018,States,Tennessee,38,93,98,96,70,36,10,2,37,35,40,88,28,89,28,85.0,20.0,81.0,14.0,85.0,53.0,61.0,14.0,90,32,65,17,28,88,28,85.0,17.0,77.0,16.0,86.0,59.0,56.0,13.0,87,30,62,16,28,90,28,86.0,22.0,85.0,13.0,84.0,48.0,67.0,16.0,92,34,67,19,22,37,26,13,9,30,29,31,87.9,89.3
218,2017,States,Tennessee,39,94,97,97,72,34,9,2,37,33,41,88,28,89,28,87.0,20.0,85.0,26.0,87.0,57.0,50.0,11.0,90,29,62,15,28,88,28,85.0,15.0,84.0,21.0,90.0,58.0,47.0,10.0,91,28,58,13,28,89,28,88.0,24.0,87.0,32.0,84.0,57.0,55.0,12.0,89,30,67,17,23,37,25,13,9,30,28,31,87.4,89.3
219,2016,States,Tennessee,40,94,98,97,72,35,10,2,37,33,42,87,27,88,27,84.0,19.0,79.0,14.0,86.0,55.0,56.0,11.0,87,27,63,14,26,87,27,82.0,15.0,76.0,11.0,88.0,60.0,55.0,12.0,87,30,61,13,27,89,27,86.0,22.0,82.0,17.0,84.0,50.0,57.0,10.0,86,24,65,16,24,38,24,12,9,30,29,30,86.7,88.6
220,2015,States,Tennessee,37,93,97,97,72,36,10,2,38,34,43,86,26,87,27,84.0,18.0,85.0,34.0,86.0,49.0,54.0,14.0,83,27,59,13,26,86,27,82.0,15.0,89.0,43.0,85.0,52.0,54.0,14.0,81,26,57,12,26,88,27,85.0,21.0,82.0,26.0,86.0,46.0,54.0,15.0,85,28,62,14,26,38,23,11,10,31,28,29,85.8,87.9
221,2019,States,Texas,44,95,98,95,71,37,10,2,37,34,41,84,30,94,39,91.0,25.0,84.0,24.0,89.0,60.0,62.0,12.0,88,33,68,16,30,94,40,90.0,23.0,82.0,24.0,90.0,64.0,60.0,11.0,88,32,67,14,31,94,38,91.0,27.0,85.0,23.0,88.0,57.0,63.0,14.0,88,34,69,17,22,30,29,17,13,24,28,33,84.3,85.2
222,2018,States,Texas,42,95,98,96,70,39,10,2,38,34,42,84,30,94,39,90.0,25.0,80.0,22.0,87.0,59.0,60.0,11.0,89,33,67,15,30,94,39,89.0,22.0,78.0,21.0,90.0,62.0,59.0,10.0,88,32,65,13,30,94,38,90.0,27.0,81.0,22.0,85.0,57.0,61.0,12.0,89,35,68,16,23,30,28,17,14,23,28,33,83.8,84.9
223,2017,States,Texas,43,95,98,96,71,38,11,2,37,34,41,84,29,94,38,89.0,24.0,81.0,20.0,88.0,59.0,61.0,11.0,87,31,66,14,29,93,39,88.0,20.0,79.0,18.0,90.0,62.0,60.0,10.0,88,30,64,13,30,94,38,90.0,27.0,83.0,22.0,86.0,56.0,62.0,11.0,87,31,67,15,24,30,28,17,14,23,29,32,83.3,84.6
224,2016,States,Texas,42,95,97,96,71,37,11,2,37,34,41,83,29,93,37,89.0,23.0,76.0,17.0,87.0,56.0,60.0,10.0,86,31,64,14,29,93,38,87.0,20.0,75.0,17.0,90.0,60.0,59.0,10.0,86,31,63,13,29,93,36,90.0,25.0,77.0,17.0,85.0,53.0,61.0,11.0,86,31,66,15,25,29,28,16,15,24,29,31,82.6,83.8
225,2015,States,Texas,43,96,98,96,71,37,11,2,37,33,41,82,28,93,37,88.0,22.0,77.0,20.0,87.0,57.0,58.0,9.0,85,30,63,13,28,93,37,87.0,20.0,74.0,17.0,90.0,62.0,58.0,8.0,85,31,62,12,28,93,36,89.0,24.0,79.0,22.0,85.0,53.0,59.0,10.0,85,29,64,14,25,30,27,15,15,24,29,31,82.0,83.4
226,2019,States,Vermont,66,96,97,97,84,48,10,1,54,47,60,93,38,93,38,82.0,26.0,71.0,15.0,83.0,49.0,63.6,14.8,75,33,88,32,35,92,35,81.0,21.0,77.0,23.0,85.0,55.0,63.2,13.0,63,26,89,31,42,95,42,86.0,37.0,68.0,10.0,81.0,44.0,64.0,16.8,89,41,87,33,15,37,25,20,4,27,25,42,92.5,95.0
227,2018,States,Vermont,66,93,97,95,78,42,9,2,49,47,51,93,38,93,38,91.0,40.0,84.2,15.0,84.0,64.0,92.0,49.0,90,49,91,40,35,92,35,85.0,38.0,84.4,14.8,87.0,65.0,87.0,29.0,89,41,89,22,40,95,40,100.0,42.0,84.4,16.4,80.0,62.0,95.0,63.0,90,55,92,56,15,41,24,18,4,25,26,43,92.1,95.3
228,2017,States,Vermont,58,93,98,97,81,44,11,1,48,48,48,93,38,93,38,89.0,37.0,76.0,1.0,67.0,39.0,63.0,8.8,93,47,85,46,34,91,34,88.0,39.0,73.0,0.0,60.0,45.0,61.0,6.2,92,33,80,41,41,95,41,92.0,31.0,80.0,4.0,70.0,36.0,65.6,12.0,95,60,89,49,14,38,24,22,5,27,25,42,90.9,95.2
229,2016,States,Vermont,57,96,98,96,74,44,8,2,48,44,52,92,36,92,36,90.0,27.0,81.2,15.4,83.0,50.0,62.6,11.0,93,30,87,35,33,90,33,90.0,32.0,79.8,12.4,79.0,60.0,62.4,9.8,90,28,98,40,39,93,39,91.0,15.0,83.0,18.0,85.0,44.0,63.0,11.6,95,32,78,31,14,37,27,20,6,27,26,40,90.8,93.8
230,2015,States,Vermont,46,95,98,98,81,50,9,2,52,52,52,92,37,92,37,90.0,37.0,83.0,7.0,73.0,41.0,61.0,8.8,65,24,86,36,34,90,34,86.0,46.0,63.0,4.0,69.0,34.0,60.2,4.8,59,19,87,32,39,93,39,95.0,27.0,98.0,9.0,76.0,46.0,61.8,14.6,71,30,86,39,18,34,25,20,5,27,25,40,90.7,93.9
231,2019,States,Utah,44,96,98,97,62,43,15,3,39,38,40,94,35,96,37,86.0,17.0,81.0,11.0,90.0,55.0,65.0,12.0,93,35,74,15,38,95,40,85.0,17.0,80.0,12.0,91.0,54.0,63.0,12.0,95,35,73,15,33,96,34,88.0,17.0,83.0,11.0,89.0,55.0,68.0,11.0,92,34,75,15,11,29,36,22,6,22,35,36,94.2,94.7
232,2018,States,Utah,43,94,98,97,68,48,14,3,44,42,45,94,36,95,37,87.0,18.0,81.0,13.0,89.0,49.0,67.0,12.0,93,30,73,16,38,95,40,87.0,17.0,81.0,10.0,90.0,50.0,66.0,11.0,91,29,73,14,34,95,35,86.0,20.0,81.0,16.0,88.0,48.0,67.0,15.0,96,32,73,18,12,29,35,22,6,21,34,37,93.8,94.3
233,2017,States,Utah,43,95,98,96,65,43,15,3,41,39,42,94,36,95,37,86.0,31.0,77.0,17.0,89.0,51.0,61.0,8.0,90,35,70,14,38,95,40,87.0,32.0,78.0,18.0,92.0,57.0,60.0,8.0,90,27,68,14,33,95,34,85.0,30.0,76.0,15.0,87.0,47.0,63.0,9.0,91,41,71,14,12,29,36,21,7,21,35,36,93.9,94.6
234,2016,States,Utah,41,95,98,97,63,44,15,3,40,39,41,94,33,95,35,84.0,22.0,86.0,10.0,86.0,47.0,57.0,10.0,90,35,68,13,36,95,38,87.0,22.0,86.0,9.0,86.0,50.0,56.0,7.0,88,34,66,12,31,95,32,79.0,22.0,86.0,12.0,86.0,44.0,59.0,12.0,92,36,70,14,12,29,38,19,7,21,36,35,93.6,94.3
235,2015,States,Utah,42,95,98,97,63,42,14,3,39,37,41,93,32,95,34,88.0,25.0,76.0,10.0,86.0,48.0,61.0,8.0,90,30,68,11,35,94,37,93.0,29.0,77.0,6.0,87.0,52.0,61.0,8.0,89,27,67,12,30,95,31,81.0,20.0,75.0,12.0,86.0,44.0,62.0,7.0,91,33,68,10,12,32,34,20,7,22,35,34,92.8,93.7
236,2019,States,Virginia,50,95,97,97,74,42,12,2,43,40,47,91,42,93,43,86.0,25.0,82.0,29.0,90.0,62.0,65.0,19.0,92,39,73,26,41,92,42,84.0,21.0,80.0,32.0,93.0,65.0,65.0,18.0,93,37,73,24,42,93,43,87.0,28.0,85.0,26.0,88.0,58.0,65.0,20.0,90,42,73,28,19,31,27,21,8,22,26,43,91.2,92.5
237,2018,States,Virginia,48,95,98,98,77,40,11,2,43,38,48,91,42,92,43,86.0,24.0,85.0,24.0,90.0,62.0,63.0,16.0,89,38,72,24,42,92,43,85.0,21.0,83.0,19.0,92.0,65.0,59.0,13.0,89,37,69,23,42,93,42,87.0,26.0,86.0,29.0,89.0,60.0,67.0,19.0,89,39,74,26,19,31,27,21,8,22,26,42,90.6,92.6
238,2017,States,Virginia,48,95,98,97,77,43,12,3,44,40,49,91,41,92,42,86.0,24.0,81.0,22.0,91.0,61.0,63.0,17.0,89,38,71,24,41,92,42,84.0,22.0,79.0,19.0,93.0,66.0,57.0,13.0,88,35,69,23,40,93,41,87.0,26.0,82.0,25.0,89.0,57.0,69.0,21.0,90,41,73,26,20,32,27,20,8,22,26,42,90.8,91.9
239,2016,States,Virginia,49,95,98,97,78,40,13,3,43,39,47,91,40,92,41,85.0,23.0,87.0,26.0,88.0,59.0,62.0,16.0,90,42,71,23,40,91,42,84.0,20.0,82.0,22.0,91.0,64.0,59.0,14.0,89,42,69,20,40,93,41,86.0,25.0,92.0,29.0,86.0,55.0,66.0,20.0,90,43,74,26,20,31,27,20,8,22,27,41,90.1,92.0
240,2015,States,Virginia,47,95,98,97,77,41,13,3,43,40,47,90,39,92,40,84.0,22.0,87.0,24.0,89.0,58.0,63.0,15.0,90,38,71,23,39,91,40,82.0,20.0,86.0,22.0,92.0,63.0,61.0,13.0,89,37,68,21,39,92,39,85.0,24.0,87.0,27.0,87.0,55.0,67.0,18.0,91,39,73,24,23,31,26,19,8,23,27,40,89.8,91.6
241,2019,States,Washington,47,94,98,97,70,33,10,2,34,31,38,93,37,95,38,90.0,25.0,82.0,15.0,88.0,56.0,61.0,11.0,91,33,69,17,37,94,38,92.0,23.0,80.0,13.0,90.0,60.0,57.0,8.0,90,32,66,16,37,95,38,88.0,26.0,84.0,17.0,86.0,52.0,65.0,15.0,92,34,72,19,13,28,36,21,7,20,31,40,93.0,94.5
242,2018,States,Washington,46,94,98,97,72,34,11,2,36,33,39,93,36,95,38,90.0,26.0,84.0,15.0,89.0,54.0,57.0,10.0,93,35,66,16,36,94,38,91.0,27.0,85.0,16.0,91.0,56.0,56.0,9.0,91,33,64,15,36,95,37,89.0,25.0,83.0,15.0,88.0,52.0,58.0,12.0,94,38,68,17,12,28,37,21,7,20,32,39,92.9,94.2
243,2017,States,Washington,43,94,98,97,73,34,11,2,35,32,38,93,35,94,36,90.0,25.0,81.0,15.0,88.0,51.0,54.0,11.0,92,32,65,16,35,94,37,91.0,26.0,79.0,12.0,90.0,54.0,53.0,9.0,92,31,65,15,35,95,36,89.0,24.0,83.0,17.0,86.0,49.0,55.0,12.0,93,33,66,16,14,29,36,20,7,20,33,38,92.9,93.9
244,2016,States,Washington,42,93,98,97,72,35,11,2,36,33,40,93,35,94,36,85.0,25.0,83.0,13.0,87.0,52.0,54.0,10.0,90,28,64,15,35,94,37,87.0,25.0,81.0,9.0,89.0,56.0,53.0,9.0,89,26,62,13,35,95,36,84.0,24.0,85.0,17.0,85.0,49.0,56.0,12.0,91,31,67,17,15,29,35,19,7,20,32,38,92.7,93.8
245,2015,States,Washington,42,94,98,97,72,35,11,2,35,32,39,92,34,94,35,90.0,23.0,82.0,11.0,88.0,51.0,58.0,9.0,90,28,64,13,34,93,36,91.0,23.0,81.0,8.0,91.0,54.0,55.0,8.0,88,26,61,12,34,94,35,88.0,23.0,83.0,14.0,85.0,48.0,61.0,11.0,91,30,67,15,15,30,34,19,7,21,33,37,91.9,93.2
246,2019,States,West Virginia,31,93,97,94,71,36,9,1,37,32,44,86,20,86,20,92.0,13.0,84.0,20.0,88.0,66.0,83.0,14.0,88,23,86,22,19,86,19,92.0,11.0,87.0,20.0,88.0,78.0,86.0,19.0,89,26,85,22,22,87,22,91.0,17.0,81.0,20.0,87.0,57.0,76.0,3.0,87,21,87,23,22,44,22,10,9,38,26,25,86.2,87.6
247,2018,States,West Virginia,36,92,96,94,68,35,8,1,36,32,41,87,21,87,21,90.0,14.0,80.8,17.2,96.0,62.0,71.0,14.0,86,24,79,20,20,86,20,89.0,9.0,81.6,16.6,94.0,67.0,59.0,11.0,88,27,78,16,21,89,21,92.0,21.0,80.2,18.0,96.0,58.0,79.0,16.0,85,20,80,24,22,42,23,11,8,38,28,24,86.3,88.9
248,2017,States,West Virginia,35,95,97,96,70,37,10,1,38,33,45,87,20,87,20,90.0,15.0,75.8,15.6,85.0,55.0,79.0,26.0,87,27,82,24,18,85,18,90.0,15.0,75.0,15.2,95.0,67.0,79.0,35.0,86,30,85,20,21,88,21,89.0,15.0,76.4,16.4,78.0,46.0,79.0,18.0,88,24,78,28,24,44,21,10,8,39,27,24,85.7,88.3
249,2016,States,West Virginia,35,94,97,96,71,37,9,1,40,35,46,85,20,86,20,88.0,19.0,52.0,4.0,96.0,67.0,77.0,24.0,84,24,75,17,20,84,20,86.0,16.0,48.0,0.0,97.0,80.0,78.0,27.0,77,21,71,19,20,87,21,90.0,22.0,56.0,9.0,96.0,56.0,77.0,21.0,90,27,78,15,25,43,20,10,9,38,27,24,84.1,87.6
250,2015,States,West Virginia,33,94,98,97,66,36,11,1,39,34,44,85,19,85,19,89.0,12.0,79.6,14.2,89.0,68.0,86.0,34.0,91,28,89,26,18,84,18,86.0,11.0,80.2,9.4,94.0,74.0,90.0,34.0,88,19,91,27,19,86,19,92.0,13.0,79.4,19.0,85.0,63.0,58.0,33.0,93,35,88,25,26,44,19,9,9,39,27,23,84.7,86.9
251,2019,States,Wisconsin,43,96,97,97,75,40,10,2,42,37,47,94,32,94,33,84.0,15.0,90.0,14.0,86.0,47.0,65.0,13.0,94,31,70,15,30,93,31,82.0,12.0,88.0,10.0,89.0,51.0,67.0,13.0,93,28,70,14,34,95,34,86.0,18.0,93.0,18.0,83.0,44.0,61.0,13.0,94,33,71,17,13,40,29,16,5,28,31,34,93.1,94.9
252,2018,States,Wisconsin,43,95,98,96,75,42,10,1,43,39,47,93,31,94,31,84.0,14.0,88.0,18.0,83.0,45.0,59.0,8.0,88,29,70,15,29,93,30,82.0,11.0,85.0,16.0,84.0,47.0,55.0,5.0,86,28,66,11,32,94,32,86.0,16.0,91.0,22.0,82.0,43.0,64.0,10.0,90,30,74,18,15,39,28,16,6,28,32,32,92.8,94.2
253,2017,States,Wisconsin,43,96,97,97,75,42,10,2,43,39,47,93,31,94,31,83.0,14.0,86.0,12.0,85.0,51.0,61.0,9.0,91,29,69,14,29,93,30,82.0,10.0,85.0,11.0,88.0,51.0,62.0,9.0,90,26,68,12,32,95,33,85.0,17.0,86.0,14.0,83.0,51.0,60.0,9.0,93,33,71,17,15,39,29,16,6,28,31,33,92.8,94.6
254,2016,States,Wisconsin,45,96,97,96,77,42,10,2,44,40,48,93,30,94,30,82.0,15.0,84.0,16.0,83.0,48.0,62.0,8.0,88,29,69,14,28,93,29,77.0,11.0,78.0,16.0,85.0,50.0,60.0,7.0,90,28,67,13,31,95,32,85.0,18.0,90.0,16.0,80.0,46.0,64.0,8.0,87,29,70,16,16,39,28,15,6,29,32,32,92.5,94.3
255,2015,States,Wisconsin,43,96,98,97,78,41,11,2,43,38,48,92,29,93,29,81.0,13.0,86.0,11.0,84.0,44.0,59.0,10.0,89,28,65,11,28,93,28,79.0,10.0,84.0,10.0,87.0,45.0,61.0,8.0,90,24,63,9,30,94,30,83.0,15.0,88.0,12.0,81.0,43.0,57.0,12.0,88,33,67,14,17,38,28,14,6,29,32,31,91.9,93.6
256,2019,States,Wyoming,34,95,98,96,68,41,11,2,39,37,42,94,29,95,30,98.0,46.0,91.0,10.0,98.0,46.0,81.0,4.0,90,20,81,11,28,95,29,98.0,64.0,89.0,7.0,98.0,58.0,78.0,4.0,84,18,78,8,31,95,32,100.0,7.0,95.0,14.0,97.0,35.0,87.0,3.0,99,23,84,14,8,38,34,18,4,28,35,31,94.6,95.1
257,2018,States,Wyoming,48,94,97,97,72,35,11,3,36,36,36,93,27,94,28,98.0,27.0,89.0,10.0,97.0,72.0,81.0,6.0,87,13,81,9,25,94,27,97.0,28.0,89.0,18.0,100.0,71.0,85.0,5.0,83,9,78,7,28,94,29,100.0,25.0,89.0,5.0,93.0,73.0,78.0,7.0,90,18,85,11,11,35,36,16,5,27,37,29,93.4,93.8
258,2017,States,Wyoming,40,95,98,95,70,36,12,2,34,34,35,93,28,94,29,87.2,19.6,88.0,12.0,95.0,53.0,62.0,9.0,95,28,75,14,26,94,27,86.4,17.4,89.0,6.0,100.0,77.0,60.0,11.0,96,23,75,11,29,95,30,87.6,21.4,86.0,19.0,92.0,38.0,65.0,6.0,94,33,75,17,11,34,35,18,5,28,35,30,92.8,94.2
259,2016,States,Wyoming,43,93,98,98,75,37,11,3,38,33,44,93,27,94,28,86.8,23.4,85.0,14.0,84.8,52.2,63.0,10.0,93,18,75,11,26,94,28,87.8,22.6,79.0,10.0,86.4,56.4,64.0,2.0,99,21,74,7,27,95,28,85.2,24.0,90.0,19.0,83.2,48.6,61.0,24.0,88,15,76,15,14,36,34,15,5,27,37,30,93.3,93.9
260,2015,States,Wyoming,43,94,96,92,71,36,12,2,37,30,44,92,26,94,27,86.0,16.0,84.0,8.0,88.0,34.0,78.0,13.0,89,18,70,12,26,94,27,89.0,20.0,82.0,18.0,94.0,39.0,72.0,1.0,90,15,67,9,27,94,28,84.0,13.0,85.0,3.0,85.0,30.0,84.0,24.0,89,20,73,16,13,30,40,15,6,28,36,28,92.7,92.7
